{
"type": "FeatureCollection",
"name": "road_centerlines",
"crs": { "type": "name", "properties": { "name": "urn:ogc:def:crs:OGC:1.3:CRS84" } },
"features": [
{ "type": "Feature", "properties": { }, "geometry": { "type": "Polygon", "coordinates": [ [ [ 112.0, 0.0 ], [ 112.0, 1.0 ], [ 113.0, 1.0 ], [ 113.0, 0.0 ], [ 112.0, 0.0 ] ] ] } },
{ "type": "Feature", "properties": { }, "geometry": { "type": "Polygon", "coordinates": [ [ [ 22.0, 1.0 ], [ 22.0, 2.0 ], [ 24.0, 2.0 ], [ 24.0, 1.0 ], [ 22.0, 1.0 ] ] ] } },
{ "type": "Feature", "properties": { }, "geometry": { "type": "Polygon", "coordinates": [ [ [ 358.0, 1.0 ], [ 358.0, 2.0 ], [ 359.0, 2.0 ], [ 359.0, 1.0 ], [ 358.0, 1.0 ] ] ] } },
{ "type": "Feature", "properties": { }, "geometry": { "type": "Polygon", "coordinates": [ [ [ 20.0, 2.0 ], [ 20.0, 3.0 ], [ 22.0, 3.0 ], [ 22.0, 2.0 ], [ 20.0, 2.0 ] ] ] } },
{ "type": "Feature", "properties": { }, "geometry": { "type": "Polygon", "coordinates": [ [ [ 359.0, 2.0 ], [ 359.0, 3.0 ], [ 361.0, 3.0 ], [ 361.0, 2.0 ], [ 359.0, 2.0 ] ] ] } },
{ "type": "Feature", "properties": { }, "geometry": { "type": "Polygon", "coordinates": [ [ [ 361.0, 3.0 ], [ 361.0, 4.0 ], [ 362.0, 4.0 ], [ 362.0, 3.0 ], [ 361.0, 3.0 ] ] ] } },
{ "type": "Feature", "properties": { }, "geometry": { "type": "Polygon", "coordinates": [ [ [ 19.0, 3.0 ], [ 19.0, 5.0 ], [ 20.0, 5.0 ], [ 20.0, 3.0 ], [ 19.0, 3.0 ] ] ] } },
{ "type": "Feature", "properties": { }, "geometry": { "type": "Polygon", "coordinates": [ [ [ 362.0, 4.0 ], [ 362.0, 5.0 ], [ 363.0, 5.0 ], [ 363.0, 4.0 ], [ 362.0, 4.0 ] ] ] } },
{ "type": "Feature", "properties": { }, "geometry": { "type": "Polygon", "coordinates": [ [ [ 113.0, 1.0 ], [ 113.0, 6.0 ], [ 114.0, 6.0 ], [ 114.0, 1.0 ], [ 113.0, 1.0 ] ] ] } },
{ "type": "Feature", "properties": { }, "geometry": { "type": "Polygon", "coordinates": [ [ [ 363.0, 5.0 ], [ 363.0, 7.0 ], [ 362.0, 7.0 ], [ 362.0, 9.0 ], [ 363.0, 9.0 ], [ 363.0, 8.0 ], [ 365.0, 8.0 ], [ 365.0, 7.0 ], [ 364.0, 7.0 ], [ 364.0, 5.0 ], [ 363.0, 5.0 ] ] ] } },
{ "type": "Feature", "properties": { }, "geometry": { "type": "Polygon", "coordinates": [ [ [ 365.0, 8.0 ], [ 365.0, 9.0 ], [ 366.0, 9.0 ], [ 366.0, 8.0 ], [ 365.0, 8.0 ] ] ] } },
{ "type": "Feature", "properties": { }, "geometry": { "type": "Polygon", "coordinates": [ [ [ 18.0, 5.0 ], [ 18.0, 10.0 ], [ 19.0, 10.0 ], [ 19.0, 5.0 ], [ 18.0, 5.0 ] ] ] } },
{ "type": "Feature", "properties": { }, "geometry": { "type": "Polygon", "coordinates": [ [ [ 366.0, 9.0 ], [ 366.0, 10.0 ], [ 368.0, 10.0 ], [ 368.0, 9.0 ], [ 366.0, 9.0 ] ] ] } },
{ "type": "Feature", "properties": { }, "geometry": { "type": "Polygon", "coordinates": [ [ [ 368.0, 10.0 ], [ 368.0, 11.0 ], [ 369.0, 11.0 ], [ 369.0, 10.0 ], [ 368.0, 10.0 ] ] ] } },
{ "type": "Feature", "properties": { }, "geometry": { "type": "Polygon", "coordinates": [ [ [ 112.0, 6.0 ], [ 112.0, 12.0 ], [ 123.0, 12.0 ], [ 123.0, 11.0 ], [ 113.0, 11.0 ], [ 113.0, 6.0 ], [ 112.0, 6.0 ] ] ] } },
{ "type": "Feature", "properties": { }, "geometry": { "type": "Polygon", "coordinates": [ [ [ 369.0, 11.0 ], [ 369.0, 12.0 ], [ 370.0, 12.0 ], [ 370.0, 11.0 ], [ 369.0, 11.0 ] ] ] } },
{ "type": "Feature", "properties": { }, "geometry": { "type": "Polygon", "coordinates": [ [ [ 361.0, 9.0 ], [ 361.0, 13.0 ], [ 362.0, 13.0 ], [ 362.0, 9.0 ], [ 361.0, 9.0 ] ] ] } },
{ "type": "Feature", "properties": { }, "geometry": { "type": "Polygon", "coordinates": [ [ [ 123.0, 12.0 ], [ 123.0, 13.0 ], [ 127.0, 13.0 ], [ 127.0, 12.0 ], [ 123.0, 12.0 ] ] ] } },
{ "type": "Feature", "properties": { }, "geometry": { "type": "Polygon", "coordinates": [ [ [ 111.0, 12.0 ], [ 111.0, 14.0 ], [ 112.0, 14.0 ], [ 112.0, 12.0 ], [ 111.0, 12.0 ] ] ] } },
{ "type": "Feature", "properties": { }, "geometry": { "type": "Polygon", "coordinates": [ [ [ 370.0, 12.0 ], [ 370.0, 14.0 ], [ 371.0, 14.0 ], [ 371.0, 12.0 ], [ 370.0, 12.0 ] ] ] } },
{ "type": "Feature", "properties": { }, "geometry": { "type": "Polygon", "coordinates": [ [ [ 127.0, 13.0 ], [ 127.0, 14.0 ], [ 130.0, 14.0 ], [ 130.0, 13.0 ], [ 127.0, 13.0 ] ] ] } },
{ "type": "Feature", "properties": { }, "geometry": { "type": "Polygon", "coordinates": [ [ [ 17.0, 10.0 ], [ 17.0, 15.0 ], [ 18.0, 15.0 ], [ 18.0, 10.0 ], [ 17.0, 10.0 ] ] ] } },
{ "type": "Feature", "properties": { }, "geometry": { "type": "Polygon", "coordinates": [ [ [ 130.0, 14.0 ], [ 130.0, 15.0 ], [ 133.0, 15.0 ], [ 133.0, 14.0 ], [ 130.0, 14.0 ] ] ] } },
{ "type": "Feature", "properties": { }, "geometry": { "type": "Polygon", "coordinates": [ [ [ 371.0, 14.0 ], [ 371.0, 16.0 ], [ 372.0, 16.0 ], [ 372.0, 14.0 ], [ 371.0, 14.0 ] ] ] } },
{ "type": "Feature", "properties": { }, "geometry": { "type": "Polygon", "coordinates": [ [ [ 133.0, 15.0 ], [ 133.0, 16.0 ], [ 136.0, 16.0 ], [ 136.0, 15.0 ], [ 133.0, 15.0 ] ] ] } },
{ "type": "Feature", "properties": { }, "geometry": { "type": "Polygon", "coordinates": [ [ [ 110.0, 14.0 ], [ 110.0, 17.0 ], [ 111.0, 17.0 ], [ 111.0, 14.0 ], [ 110.0, 14.0 ] ] ] } },
{ "type": "Feature", "properties": { }, "geometry": { "type": "Polygon", "coordinates": [ [ [ 136.0, 16.0 ], [ 136.0, 17.0 ], [ 139.0, 17.0 ], [ 139.0, 16.0 ], [ 136.0, 16.0 ] ] ] } },
{ "type": "Feature", "properties": { }, "geometry": { "type": "Polygon", "coordinates": [ [ [ 139.0, 17.0 ], [ 139.0, 18.0 ], [ 142.0, 18.0 ], [ 142.0, 17.0 ], [ 139.0, 17.0 ] ] ] } },
{ "type": "Feature", "properties": { }, "geometry": { "type": "Polygon", "coordinates": [ [ [ 142.0, 18.0 ], [ 142.0, 19.0 ], [ 144.0, 19.0 ], [ 144.0, 18.0 ], [ 142.0, 18.0 ] ] ] } },
{ "type": "Feature", "properties": { }, "geometry": { "type": "Polygon", "coordinates": [ [ [ 362.0, 13.0 ], [ 362.0, 20.0 ], [ 363.0, 20.0 ], [ 363.0, 13.0 ], [ 362.0, 13.0 ] ] ] } },
{ "type": "Feature", "properties": { }, "geometry": { "type": "Polygon", "coordinates": [ [ [ 109.0, 17.0 ], [ 109.0, 20.0 ], [ 110.0, 20.0 ], [ 110.0, 17.0 ], [ 109.0, 17.0 ] ] ] } },
{ "type": "Feature", "properties": { }, "geometry": { "type": "Polygon", "coordinates": [ [ [ 144.0, 19.0 ], [ 144.0, 20.0 ], [ 147.0, 20.0 ], [ 147.0, 19.0 ], [ 144.0, 19.0 ] ] ] } },
{ "type": "Feature", "properties": { }, "geometry": { "type": "Polygon", "coordinates": [ [ [ 16.0, 15.0 ], [ 16.0, 21.0 ], [ 17.0, 21.0 ], [ 17.0, 15.0 ], [ 16.0, 15.0 ] ] ] } },
{ "type": "Feature", "properties": { }, "geometry": { "type": "Polygon", "coordinates": [ [ [ 372.0, 16.0 ], [ 372.0, 21.0 ], [ 373.0, 21.0 ], [ 373.0, 16.0 ], [ 372.0, 16.0 ] ] ] } },
{ "type": "Feature", "properties": { }, "geometry": { "type": "Polygon", "coordinates": [ [ [ 147.0, 20.0 ], [ 147.0, 21.0 ], [ 150.0, 21.0 ], [ 150.0, 20.0 ], [ 147.0, 20.0 ] ] ] } },
{ "type": "Feature", "properties": { }, "geometry": { "type": "Polygon", "coordinates": [ [ [ 108.0, 20.0 ], [ 108.0, 22.0 ], [ 109.0, 22.0 ], [ 109.0, 20.0 ], [ 108.0, 20.0 ] ] ] } },
{ "type": "Feature", "properties": { }, "geometry": { "type": "Polygon", "coordinates": [ [ [ 363.0, 20.0 ], [ 363.0, 22.0 ], [ 364.0, 22.0 ], [ 364.0, 20.0 ], [ 363.0, 20.0 ] ] ] } },
{ "type": "Feature", "properties": { }, "geometry": { "type": "Polygon", "coordinates": [ [ [ 150.0, 21.0 ], [ 150.0, 22.0 ], [ 154.0, 22.0 ], [ 154.0, 21.0 ], [ 150.0, 21.0 ] ] ] } },
{ "type": "Feature", "properties": { }, "geometry": { "type": "Polygon", "coordinates": [ [ [ 154.0, 22.0 ], [ 154.0, 23.0 ], [ 159.0, 23.0 ], [ 159.0, 22.0 ], [ 154.0, 22.0 ] ] ] } },
{ "type": "Feature", "properties": { }, "geometry": { "type": "Polygon", "coordinates": [ [ [ 159.0, 23.0 ], [ 159.0, 24.0 ], [ 162.0, 24.0 ], [ 162.0, 23.0 ], [ 159.0, 23.0 ] ] ] } },
{ "type": "Feature", "properties": { }, "geometry": { "type": "Polygon", "coordinates": [ [ [ 373.0, 21.0 ], [ 373.0, 25.0 ], [ 374.0, 25.0 ], [ 374.0, 21.0 ], [ 373.0, 21.0 ] ] ] } },
{ "type": "Feature", "properties": { }, "geometry": { "type": "Polygon", "coordinates": [ [ [ 162.0, 24.0 ], [ 162.0, 25.0 ], [ 165.0, 25.0 ], [ 165.0, 24.0 ], [ 162.0, 24.0 ] ] ] } },
{ "type": "Feature", "properties": { }, "geometry": { "type": "Polygon", "coordinates": [ [ [ 107.0, 22.0 ], [ 107.0, 26.0 ], [ 108.0, 26.0 ], [ 108.0, 22.0 ], [ 107.0, 22.0 ] ] ] } },
{ "type": "Feature", "properties": { }, "geometry": { "type": "Polygon", "coordinates": [ [ [ 165.0, 25.0 ], [ 165.0, 26.0 ], [ 168.0, 26.0 ], [ 168.0, 25.0 ], [ 165.0, 25.0 ] ] ] } },
{ "type": "Feature", "properties": { }, "geometry": { "type": "Polygon", "coordinates": [ [ [ 168.0, 26.0 ], [ 168.0, 27.0 ], [ 171.0, 27.0 ], [ 171.0, 26.0 ], [ 168.0, 26.0 ] ] ] } },
{ "type": "Feature", "properties": { }, "geometry": { "type": "Polygon", "coordinates": [ [ [ 15.0, 21.0 ], [ 15.0, 28.0 ], [ 16.0, 28.0 ], [ 16.0, 21.0 ], [ 15.0, 21.0 ] ] ] } },
{ "type": "Feature", "properties": { }, "geometry": { "type": "Polygon", "coordinates": [ [ [ 106.0, 26.0 ], [ 106.0, 28.0 ], [ 107.0, 28.0 ], [ 107.0, 26.0 ], [ 106.0, 26.0 ] ] ] } },
{ "type": "Feature", "properties": { }, "geometry": { "type": "Polygon", "coordinates": [ [ [ 171.0, 27.0 ], [ 171.0, 28.0 ], [ 174.0, 28.0 ], [ 174.0, 27.0 ], [ 171.0, 27.0 ] ] ] } },
{ "type": "Feature", "properties": { }, "geometry": { "type": "Polygon", "coordinates": [ [ [ 174.0, 28.0 ], [ 174.0, 29.0 ], [ 178.0, 29.0 ], [ 178.0, 28.0 ], [ 174.0, 28.0 ] ] ] } },
{ "type": "Feature", "properties": { }, "geometry": { "type": "Polygon", "coordinates": [ [ [ 178.0, 29.0 ], [ 178.0, 30.0 ], [ 182.0, 30.0 ], [ 182.0, 29.0 ], [ 178.0, 29.0 ] ] ] } },
{ "type": "Feature", "properties": { }, "geometry": { "type": "Polygon", "coordinates": [ [ [ 364.0, 22.0 ], [ 364.0, 31.0 ], [ 365.0, 31.0 ], [ 365.0, 22.0 ], [ 364.0, 22.0 ] ] ] } },
{ "type": "Feature", "properties": { }, "geometry": { "type": "Polygon", "coordinates": [ [ [ 105.0, 28.0 ], [ 105.0, 31.0 ], [ 106.0, 31.0 ], [ 106.0, 28.0 ], [ 105.0, 28.0 ] ] ] } },
{ "type": "Feature", "properties": { }, "geometry": { "type": "Polygon", "coordinates": [ [ [ 182.0, 30.0 ], [ 182.0, 31.0 ], [ 186.0, 31.0 ], [ 186.0, 30.0 ], [ 182.0, 30.0 ] ] ] } },
{ "type": "Feature", "properties": { }, "geometry": { "type": "Polygon", "coordinates": [ [ [ 374.0, 25.0 ], [ 374.0, 32.0 ], [ 375.0, 32.0 ], [ 375.0, 25.0 ], [ 374.0, 25.0 ] ] ] } },
{ "type": "Feature", "properties": { }, "geometry": { "type": "Polygon", "coordinates": [ [ [ 186.0, 31.0 ], [ 186.0, 32.0 ], [ 191.0, 32.0 ], [ 191.0, 31.0 ], [ 186.0, 31.0 ] ] ] } },
{ "type": "Feature", "properties": { }, "geometry": { "type": "Polygon", "coordinates": [ [ [ 191.0, 32.0 ], [ 191.0, 33.0 ], [ 196.0, 33.0 ], [ 196.0, 32.0 ], [ 191.0, 32.0 ] ] ] } },
{ "type": "Feature", "properties": { }, "geometry": { "type": "Polygon", "coordinates": [ [ [ 104.0, 31.0 ], [ 104.0, 34.0 ], [ 105.0, 34.0 ], [ 105.0, 31.0 ], [ 104.0, 31.0 ] ] ] } },
{ "type": "Feature", "properties": { }, "geometry": { "type": "Polygon", "coordinates": [ [ [ 196.0, 33.0 ], [ 196.0, 34.0 ], [ 201.0, 34.0 ], [ 201.0, 33.0 ], [ 196.0, 33.0 ] ] ] } },
{ "type": "Feature", "properties": { }, "geometry": { "type": "Polygon", "coordinates": [ [ [ 14.0, 28.0 ], [ 14.0, 35.0 ], [ 15.0, 35.0 ], [ 15.0, 28.0 ], [ 14.0, 28.0 ] ] ] } },
{ "type": "Feature", "properties": { }, "geometry": { "type": "Polygon", "coordinates": [ [ [ 365.0, 31.0 ], [ 365.0, 35.0 ], [ 366.0, 35.0 ], [ 366.0, 31.0 ], [ 365.0, 31.0 ] ] ] } },
{ "type": "Feature", "properties": { }, "geometry": { "type": "Polygon", "coordinates": [ [ [ 201.0, 34.0 ], [ 201.0, 35.0 ], [ 205.0, 35.0 ], [ 205.0, 34.0 ], [ 201.0, 34.0 ] ] ] } },
{ "type": "Feature", "properties": { }, "geometry": { "type": "Polygon", "coordinates": [ [ [ 205.0, 35.0 ], [ 205.0, 36.0 ], [ 212.0, 36.0 ], [ 212.0, 35.0 ], [ 205.0, 35.0 ] ] ] } },
{ "type": "Feature", "properties": { }, "geometry": { "type": "Polygon", "coordinates": [ [ [ 366.0, 35.0 ], [ 366.0, 36.0 ], [ 367.0, 36.0 ], [ 367.0, 35.0 ], [ 366.0, 35.0 ] ] ] } },
{ "type": "Feature", "properties": { }, "geometry": { "type": "Polygon", "coordinates": [ [ [ 375.0, 32.0 ], [ 375.0, 35.0 ], [ 374.0, 35.0 ], [ 374.0, 36.0 ], [ 376.0, 36.0 ], [ 376.0, 32.0 ], [ 375.0, 32.0 ] ] ] } },
{ "type": "Feature", "properties": { }, "geometry": { "type": "Polygon", "coordinates": [ [ [ 228.0, 2.0 ], [ 228.0, 37.0 ], [ 229.0, 37.0 ], [ 229.0, 2.0 ], [ 228.0, 2.0 ] ] ] } },
{ "type": "Feature", "properties": { }, "geometry": { "type": "Polygon", "coordinates": [ [ [ 103.0, 34.0 ], [ 103.0, 37.0 ], [ 104.0, 37.0 ], [ 104.0, 34.0 ], [ 103.0, 34.0 ] ] ] } },
{ "type": "Feature", "properties": { }, "geometry": { "type": "Polygon", "coordinates": [ [ [ 212.0, 36.0 ], [ 212.0, 37.0 ], [ 214.0, 37.0 ], [ 214.0, 36.0 ], [ 212.0, 36.0 ] ] ] } },
{ "type": "Feature", "properties": { }, "geometry": { "type": "Polygon", "coordinates": [ [ [ 370.0, 36.0 ], [ 370.0, 37.0 ], [ 374.0, 37.0 ], [ 374.0, 36.0 ], [ 370.0, 36.0 ] ] ] } },
{ "type": "Feature", "properties": { }, "geometry": { "type": "Polygon", "coordinates": [ [ [ 376.0, 36.0 ], [ 376.0, 37.0 ], [ 377.0, 37.0 ], [ 377.0, 36.0 ], [ 376.0, 36.0 ] ] ] } },
{ "type": "Feature", "properties": { }, "geometry": { "type": "Polygon", "coordinates": [ [ [ 214.0, 37.0 ], [ 214.0, 38.0 ], [ 217.0, 38.0 ], [ 217.0, 37.0 ], [ 214.0, 37.0 ] ] ] } },
{ "type": "Feature", "properties": { }, "geometry": { "type": "Polygon", "coordinates": [ [ [ 102.0, 37.0 ], [ 102.0, 39.0 ], [ 103.0, 39.0 ], [ 103.0, 37.0 ], [ 102.0, 37.0 ] ] ] } },
{ "type": "Feature", "properties": { }, "geometry": { "type": "Polygon", "coordinates": [ [ [ 377.0, 37.0 ], [ 377.0, 39.0 ], [ 378.0, 39.0 ], [ 378.0, 37.0 ], [ 377.0, 37.0 ] ] ] } },
{ "type": "Feature", "properties": { }, "geometry": { "type": "Polygon", "coordinates": [ [ [ 217.0, 38.0 ], [ 217.0, 39.0 ], [ 220.0, 39.0 ], [ 220.0, 38.0 ], [ 217.0, 38.0 ] ] ] } },
{ "type": "Feature", "properties": { }, "geometry": { "type": "Polygon", "coordinates": [ [ [ 13.0, 35.0 ], [ 13.0, 40.0 ], [ 14.0, 40.0 ], [ 14.0, 35.0 ], [ 13.0, 35.0 ] ] ] } },
{ "type": "Feature", "properties": { }, "geometry": { "type": "Polygon", "coordinates": [ [ [ 220.0, 39.0 ], [ 220.0, 40.0 ], [ 225.0, 40.0 ], [ 225.0, 39.0 ], [ 220.0, 39.0 ] ] ] } },
{ "type": "Feature", "properties": { }, "geometry": { "type": "Polygon", "coordinates": [ [ [ 101.0, 39.0 ], [ 101.0, 41.0 ], [ 102.0, 41.0 ], [ 102.0, 39.0 ], [ 101.0, 39.0 ] ] ] } },
{ "type": "Feature", "properties": { }, "geometry": { "type": "Polygon", "coordinates": [ [ [ 227.0, 37.0 ], [ 227.0, 40.0 ], [ 225.0, 40.0 ], [ 225.0, 41.0 ], [ 227.0, 41.0 ], [ 227.0, 42.0 ], [ 228.0, 42.0 ], [ 228.0, 37.0 ], [ 227.0, 37.0 ] ] ] } },
{ "type": "Feature", "properties": { }, "geometry": { "type": "Polygon", "coordinates": [ [ [ 378.0, 39.0 ], [ 378.0, 43.0 ], [ 379.0, 43.0 ], [ 379.0, 39.0 ], [ 378.0, 39.0 ] ] ] } },
{ "type": "Feature", "properties": { }, "geometry": { "type": "Polygon", "coordinates": [ [ [ 12.0, 40.0 ], [ 12.0, 44.0 ], [ 13.0, 44.0 ], [ 13.0, 40.0 ], [ 12.0, 40.0 ] ] ] } },
{ "type": "Feature", "properties": { }, "geometry": { "type": "Polygon", "coordinates": [ [ [ 100.0, 41.0 ], [ 100.0, 44.0 ], [ 101.0, 44.0 ], [ 101.0, 41.0 ], [ 100.0, 41.0 ] ] ] } },
{ "type": "Feature", "properties": { }, "geometry": { "type": "Polygon", "coordinates": [ [ [ 379.0, 43.0 ], [ 379.0, 46.0 ], [ 380.0, 46.0 ], [ 380.0, 43.0 ], [ 379.0, 43.0 ] ] ] } },
{ "type": "Feature", "properties": { }, "geometry": { "type": "Polygon", "coordinates": [ [ [ 363.0, 45.0 ], [ 363.0, 46.0 ], [ 365.0, 46.0 ], [ 365.0, 45.0 ], [ 363.0, 45.0 ] ] ] } },
{ "type": "Feature", "properties": { }, "geometry": { "type": "Polygon", "coordinates": [ [ [ 99.0, 44.0 ], [ 99.0, 47.0 ], [ 100.0, 47.0 ], [ 100.0, 44.0 ], [ 99.0, 44.0 ] ] ] } },
{ "type": "Feature", "properties": { }, "geometry": { "type": "Polygon", "coordinates": [ [ [ 356.0, 46.0 ], [ 356.0, 47.0 ], [ 363.0, 47.0 ], [ 363.0, 46.0 ], [ 356.0, 46.0 ] ] ] } },
{ "type": "Feature", "properties": { }, "geometry": { "type": "Polygon", "coordinates": [ [ [ 367.0, 36.0 ], [ 367.0, 46.0 ], [ 365.0, 46.0 ], [ 365.0, 47.0 ], [ 368.0, 47.0 ], [ 368.0, 38.0 ], [ 370.0, 38.0 ], [ 370.0, 37.0 ], [ 368.0, 37.0 ], [ 368.0, 36.0 ], [ 367.0, 36.0 ] ] ] } },
{ "type": "Feature", "properties": { }, "geometry": { "type": "Polygon", "coordinates": [ [ [ 11.0, 44.0 ], [ 11.0, 48.0 ], [ 12.0, 48.0 ], [ 12.0, 44.0 ], [ 11.0, 44.0 ] ] ] } },
{ "type": "Feature", "properties": { }, "geometry": { "type": "Polygon", "coordinates": [ [ [ 380.0, 46.0 ], [ 380.0, 48.0 ], [ 381.0, 48.0 ], [ 381.0, 46.0 ], [ 380.0, 46.0 ] ] ] } },
{ "type": "Feature", "properties": { }, "geometry": { "type": "Polygon", "coordinates": [ [ [ 346.0, 47.0 ], [ 346.0, 48.0 ], [ 356.0, 48.0 ], [ 356.0, 47.0 ], [ 346.0, 47.0 ] ] ] } },
{ "type": "Feature", "properties": { }, "geometry": { "type": "Polygon", "coordinates": [ [ [ 98.0, 47.0 ], [ 98.0, 49.0 ], [ 99.0, 49.0 ], [ 99.0, 47.0 ], [ 98.0, 47.0 ] ] ] } },
{ "type": "Feature", "properties": { }, "geometry": { "type": "Polygon", "coordinates": [ [ [ 368.0, 47.0 ], [ 368.0, 49.0 ], [ 369.0, 49.0 ], [ 369.0, 47.0 ], [ 368.0, 47.0 ] ] ] } },
{ "type": "Feature", "properties": { }, "geometry": { "type": "Polygon", "coordinates": [ [ [ 338.0, 48.0 ], [ 338.0, 49.0 ], [ 346.0, 49.0 ], [ 346.0, 48.0 ], [ 338.0, 48.0 ] ] ] } },
{ "type": "Feature", "properties": { }, "geometry": { "type": "Polygon", "coordinates": [ [ [ 331.0, 49.0 ], [ 331.0, 50.0 ], [ 338.0, 50.0 ], [ 338.0, 49.0 ], [ 331.0, 49.0 ] ] ] } },
{ "type": "Feature", "properties": { }, "geometry": { "type": "Polygon", "coordinates": [ [ [ 381.0, 48.0 ], [ 381.0, 51.0 ], [ 382.0, 51.0 ], [ 382.0, 48.0 ], [ 381.0, 48.0 ] ] ] } },
{ "type": "Feature", "properties": { }, "geometry": { "type": "Polygon", "coordinates": [ [ [ 369.0, 49.0 ], [ 369.0, 51.0 ], [ 370.0, 51.0 ], [ 370.0, 49.0 ], [ 369.0, 49.0 ] ] ] } },
{ "type": "Feature", "properties": { }, "geometry": { "type": "Polygon", "coordinates": [ [ [ 323.0, 50.0 ], [ 323.0, 51.0 ], [ 331.0, 51.0 ], [ 331.0, 50.0 ], [ 323.0, 50.0 ] ] ] } },
{ "type": "Feature", "properties": { }, "geometry": { "type": "Polygon", "coordinates": [ [ [ 10.0, 48.0 ], [ 10.0, 52.0 ], [ 11.0, 52.0 ], [ 11.0, 48.0 ], [ 10.0, 48.0 ] ] ] } },
{ "type": "Feature", "properties": { }, "geometry": { "type": "Polygon", "coordinates": [ [ [ 97.0, 49.0 ], [ 97.0, 52.0 ], [ 98.0, 52.0 ], [ 98.0, 49.0 ], [ 97.0, 49.0 ] ] ] } },
{ "type": "Feature", "properties": { }, "geometry": { "type": "Polygon", "coordinates": [ [ [ 314.0, 51.0 ], [ 314.0, 52.0 ], [ 323.0, 52.0 ], [ 323.0, 51.0 ], [ 314.0, 51.0 ] ] ] } },
{ "type": "Feature", "properties": { }, "geometry": { "type": "Polygon", "coordinates": [ [ [ 302.0, 52.0 ], [ 302.0, 53.0 ], [ 314.0, 53.0 ], [ 314.0, 52.0 ], [ 302.0, 52.0 ] ] ] } },
{ "type": "Feature", "properties": { }, "geometry": { "type": "Polygon", "coordinates": [ [ [ 370.0, 51.0 ], [ 370.0, 54.0 ], [ 371.0, 54.0 ], [ 371.0, 51.0 ], [ 370.0, 51.0 ] ] ] } },
{ "type": "Feature", "properties": { }, "geometry": { "type": "Polygon", "coordinates": [ [ [ 296.0, 53.0 ], [ 296.0, 54.0 ], [ 302.0, 54.0 ], [ 302.0, 53.0 ], [ 296.0, 53.0 ] ] ] } },
{ "type": "Feature", "properties": { }, "geometry": { "type": "Polygon", "coordinates": [ [ [ 462.0, 53.0 ], [ 462.0, 54.0 ], [ 467.0, 54.0 ], [ 467.0, 53.0 ], [ 462.0, 53.0 ] ] ] } },
{ "type": "Feature", "properties": { }, "geometry": { "type": "Polygon", "coordinates": [ [ [ 382.0, 51.0 ], [ 382.0, 55.0 ], [ 383.0, 55.0 ], [ 383.0, 51.0 ], [ 382.0, 51.0 ] ] ] } },
{ "type": "Feature", "properties": { }, "geometry": { "type": "Polygon", "coordinates": [ [ [ 288.0, 54.0 ], [ 288.0, 55.0 ], [ 296.0, 55.0 ], [ 296.0, 54.0 ], [ 288.0, 54.0 ] ] ] } },
{ "type": "Feature", "properties": { }, "geometry": { "type": "Polygon", "coordinates": [ [ [ 449.0, 54.0 ], [ 449.0, 55.0 ], [ 462.0, 55.0 ], [ 462.0, 54.0 ], [ 449.0, 54.0 ] ] ] } },
{ "type": "Feature", "properties": { }, "geometry": { "type": "Polygon", "coordinates": [ [ [ 467.0, 54.0 ], [ 467.0, 55.0 ], [ 482.0, 55.0 ], [ 482.0, 54.0 ], [ 467.0, 54.0 ] ] ] } },
{ "type": "Feature", "properties": { }, "geometry": { "type": "Polygon", "coordinates": [ [ [ 96.0, 52.0 ], [ 96.0, 56.0 ], [ 97.0, 56.0 ], [ 97.0, 52.0 ], [ 96.0, 52.0 ] ] ] } },
{ "type": "Feature", "properties": { }, "geometry": { "type": "Polygon", "coordinates": [ [ [ 279.0, 55.0 ], [ 279.0, 56.0 ], [ 288.0, 56.0 ], [ 288.0, 55.0 ], [ 279.0, 55.0 ] ] ] } },
{ "type": "Feature", "properties": { }, "geometry": { "type": "Polygon", "coordinates": [ [ [ 440.0, 55.0 ], [ 440.0, 56.0 ], [ 449.0, 56.0 ], [ 449.0, 55.0 ], [ 440.0, 55.0 ] ] ] } },
{ "type": "Feature", "properties": { }, "geometry": { "type": "Polygon", "coordinates": [ [ [ 482.0, 55.0 ], [ 482.0, 56.0 ], [ 491.0, 56.0 ], [ 491.0, 55.0 ], [ 482.0, 55.0 ] ] ] } },
{ "type": "Feature", "properties": { }, "geometry": { "type": "Polygon", "coordinates": [ [ [ 9.0, 52.0 ], [ 9.0, 57.0 ], [ 10.0, 57.0 ], [ 10.0, 52.0 ], [ 9.0, 52.0 ] ] ] } },
{ "type": "Feature", "properties": { }, "geometry": { "type": "Polygon", "coordinates": [ [ [ 371.0, 54.0 ], [ 371.0, 57.0 ], [ 372.0, 57.0 ], [ 372.0, 54.0 ], [ 371.0, 54.0 ] ] ] } },
{ "type": "Feature", "properties": { }, "geometry": { "type": "Polygon", "coordinates": [ [ [ 383.0, 55.0 ], [ 383.0, 57.0 ], [ 384.0, 57.0 ], [ 384.0, 55.0 ], [ 383.0, 55.0 ] ] ] } },
{ "type": "Feature", "properties": { }, "geometry": { "type": "Polygon", "coordinates": [ [ [ 267.0, 56.0 ], [ 267.0, 57.0 ], [ 279.0, 57.0 ], [ 279.0, 56.0 ], [ 267.0, 56.0 ] ] ] } },
{ "type": "Feature", "properties": { }, "geometry": { "type": "Polygon", "coordinates": [ [ [ 434.0, 56.0 ], [ 434.0, 57.0 ], [ 440.0, 57.0 ], [ 440.0, 56.0 ], [ 434.0, 56.0 ] ] ] } },
{ "type": "Feature", "properties": { }, "geometry": { "type": "Polygon", "coordinates": [ [ [ 491.0, 56.0 ], [ 491.0, 57.0 ], [ 499.0, 57.0 ], [ 499.0, 56.0 ], [ 491.0, 56.0 ] ] ] } },
{ "type": "Feature", "properties": { }, "geometry": { "type": "Polygon", "coordinates": [ [ [ 228.0, 42.0 ], [ 228.0, 58.0 ], [ 229.0, 58.0 ], [ 229.0, 42.0 ], [ 228.0, 42.0 ] ] ] } },
{ "type": "Feature", "properties": { }, "geometry": { "type": "Polygon", "coordinates": [ [ [ 262.0, 57.0 ], [ 262.0, 58.0 ], [ 267.0, 58.0 ], [ 267.0, 57.0 ], [ 262.0, 57.0 ] ] ] } },
{ "type": "Feature", "properties": { }, "geometry": { "type": "Polygon", "coordinates": [ [ [ 429.0, 57.0 ], [ 429.0, 58.0 ], [ 434.0, 58.0 ], [ 434.0, 57.0 ], [ 429.0, 57.0 ] ] ] } },
{ "type": "Feature", "properties": { }, "geometry": { "type": "Polygon", "coordinates": [ [ [ 499.0, 57.0 ], [ 499.0, 58.0 ], [ 506.0, 58.0 ], [ 506.0, 57.0 ], [ 499.0, 57.0 ] ] ] } },
{ "type": "Feature", "properties": { }, "geometry": { "type": "Polygon", "coordinates": [ [ [ 257.0, 58.0 ], [ 257.0, 59.0 ], [ 262.0, 59.0 ], [ 262.0, 58.0 ], [ 257.0, 58.0 ] ] ] } },
{ "type": "Feature", "properties": { }, "geometry": { "type": "Polygon", "coordinates": [ [ [ 425.0, 58.0 ], [ 425.0, 59.0 ], [ 429.0, 59.0 ], [ 429.0, 58.0 ], [ 425.0, 58.0 ] ] ] } },
{ "type": "Feature", "properties": { }, "geometry": { "type": "Polygon", "coordinates": [ [ [ 8.0, 57.0 ], [ 8.0, 60.0 ], [ 9.0, 60.0 ], [ 9.0, 57.0 ], [ 8.0, 57.0 ] ] ] } },
{ "type": "Feature", "properties": { }, "geometry": { "type": "Polygon", "coordinates": [ [ [ 246.0, 59.0 ], [ 246.0, 60.0 ], [ 257.0, 60.0 ], [ 257.0, 59.0 ], [ 246.0, 59.0 ] ] ] } },
{ "type": "Feature", "properties": { }, "geometry": { "type": "Polygon", "coordinates": [ [ [ 420.0, 59.0 ], [ 420.0, 60.0 ], [ 425.0, 60.0 ], [ 425.0, 59.0 ], [ 420.0, 59.0 ] ] ] } },
{ "type": "Feature", "properties": { }, "geometry": { "type": "Polygon", "coordinates": [ [ [ 95.0, 56.0 ], [ 95.0, 61.0 ], [ 96.0, 61.0 ], [ 96.0, 56.0 ], [ 95.0, 56.0 ] ] ] } },
{ "type": "Feature", "properties": { }, "geometry": { "type": "Polygon", "coordinates": [ [ [ 372.0, 57.0 ], [ 372.0, 61.0 ], [ 373.0, 61.0 ], [ 373.0, 57.0 ], [ 372.0, 57.0 ] ] ] } },
{ "type": "Feature", "properties": { }, "geometry": { "type": "Polygon", "coordinates": [ [ [ 384.0, 57.0 ], [ 384.0, 61.0 ], [ 385.0, 61.0 ], [ 385.0, 57.0 ], [ 384.0, 57.0 ] ] ] } },
{ "type": "Feature", "properties": { }, "geometry": { "type": "Polygon", "coordinates": [ [ [ 229.0, 58.0 ], [ 229.0, 61.0 ], [ 230.0, 61.0 ], [ 230.0, 58.0 ], [ 229.0, 58.0 ] ] ] } },
{ "type": "Feature", "properties": { }, "geometry": { "type": "Polygon", "coordinates": [ [ [ 241.0, 60.0 ], [ 241.0, 61.0 ], [ 246.0, 61.0 ], [ 246.0, 60.0 ], [ 241.0, 60.0 ] ] ] } },
{ "type": "Feature", "properties": { }, "geometry": { "type": "Polygon", "coordinates": [ [ [ 414.0, 60.0 ], [ 414.0, 61.0 ], [ 420.0, 61.0 ], [ 420.0, 60.0 ], [ 414.0, 60.0 ] ] ] } },
{ "type": "Feature", "properties": { }, "geometry": { "type": "Polygon", "coordinates": [ [ [ 232.0, 61.0 ], [ 232.0, 62.0 ], [ 241.0, 62.0 ], [ 241.0, 61.0 ], [ 232.0, 61.0 ] ] ] } },
{ "type": "Feature", "properties": { }, "geometry": { "type": "Polygon", "coordinates": [ [ [ 410.0, 61.0 ], [ 410.0, 62.0 ], [ 414.0, 62.0 ], [ 414.0, 61.0 ], [ 410.0, 61.0 ] ] ] } },
{ "type": "Feature", "properties": { }, "geometry": { "type": "Polygon", "coordinates": [ [ [ 7.0, 60.0 ], [ 7.0, 63.0 ], [ 8.0, 63.0 ], [ 8.0, 60.0 ], [ 7.0, 60.0 ] ] ] } },
{ "type": "Feature", "properties": { }, "geometry": { "type": "Polygon", "coordinates": [ [ [ 373.0, 61.0 ], [ 373.0, 63.0 ], [ 374.0, 63.0 ], [ 374.0, 61.0 ], [ 373.0, 61.0 ] ] ] } },
{ "type": "Feature", "properties": { }, "geometry": { "type": "Polygon", "coordinates": [ [ [ 408.0, 62.0 ], [ 408.0, 63.0 ], [ 410.0, 63.0 ], [ 410.0, 62.0 ], [ 408.0, 62.0 ] ] ] } },
{ "type": "Feature", "properties": { }, "geometry": { "type": "Polygon", "coordinates": [ [ [ 406.0, 63.0 ], [ 406.0, 64.0 ], [ 408.0, 64.0 ], [ 408.0, 63.0 ], [ 406.0, 63.0 ] ] ] } },
{ "type": "Feature", "properties": { }, "geometry": { "type": "Polygon", "coordinates": [ [ [ 230.0, 61.0 ], [ 230.0, 65.0 ], [ 231.0, 65.0 ], [ 231.0, 63.0 ], [ 232.0, 63.0 ], [ 232.0, 62.0 ], [ 231.0, 62.0 ], [ 231.0, 61.0 ], [ 230.0, 61.0 ] ] ] } },
{ "type": "Feature", "properties": { }, "geometry": { "type": "Polygon", "coordinates": [ [ [ 404.0, 64.0 ], [ 404.0, 65.0 ], [ 406.0, 65.0 ], [ 406.0, 64.0 ], [ 404.0, 64.0 ] ] ] } },
{ "type": "Feature", "properties": { }, "geometry": { "type": "Polygon", "coordinates": [ [ [ 94.0, 61.0 ], [ 94.0, 66.0 ], [ 95.0, 66.0 ], [ 95.0, 61.0 ], [ 94.0, 61.0 ] ] ] } },
{ "type": "Feature", "properties": { }, "geometry": { "type": "Polygon", "coordinates": [ [ [ 374.0, 63.0 ], [ 374.0, 66.0 ], [ 375.0, 66.0 ], [ 375.0, 63.0 ], [ 374.0, 63.0 ] ] ] } },
{ "type": "Feature", "properties": { }, "geometry": { "type": "Polygon", "coordinates": [ [ [ 402.0, 65.0 ], [ 402.0, 66.0 ], [ 404.0, 66.0 ], [ 404.0, 65.0 ], [ 402.0, 65.0 ] ] ] } },
{ "type": "Feature", "properties": { }, "geometry": { "type": "Polygon", "coordinates": [ [ [ 6.0, 63.0 ], [ 6.0, 67.0 ], [ 7.0, 67.0 ], [ 7.0, 63.0 ], [ 6.0, 63.0 ] ] ] } },
{ "type": "Feature", "properties": { }, "geometry": { "type": "Polygon", "coordinates": [ [ [ 385.0, 61.0 ], [ 385.0, 68.0 ], [ 386.0, 68.0 ], [ 386.0, 61.0 ], [ 385.0, 61.0 ] ] ] } },
{ "type": "Feature", "properties": { }, "geometry": { "type": "Polygon", "coordinates": [ [ [ 229.0, 65.0 ], [ 229.0, 68.0 ], [ 230.0, 68.0 ], [ 230.0, 65.0 ], [ 229.0, 65.0 ] ] ] } },
{ "type": "Feature", "properties": { }, "geometry": { "type": "Polygon", "coordinates": [ [ [ 401.0, 66.0 ], [ 401.0, 68.0 ], [ 402.0, 68.0 ], [ 402.0, 66.0 ], [ 401.0, 66.0 ] ] ] } },
{ "type": "Feature", "properties": { }, "geometry": { "type": "Polygon", "coordinates": [ [ [ 400.0, 68.0 ], [ 400.0, 69.0 ], [ 401.0, 69.0 ], [ 401.0, 68.0 ], [ 400.0, 68.0 ] ] ] } },
{ "type": "Feature", "properties": { }, "geometry": { "type": "Polygon", "coordinates": [ [ [ 375.0, 66.0 ], [ 375.0, 70.0 ], [ 376.0, 70.0 ], [ 376.0, 66.0 ], [ 375.0, 66.0 ] ] ] } },
{ "type": "Feature", "properties": { }, "geometry": { "type": "Polygon", "coordinates": [ [ [ 5.0, 67.0 ], [ 5.0, 71.0 ], [ 6.0, 71.0 ], [ 6.0, 67.0 ], [ 5.0, 67.0 ] ] ] } },
{ "type": "Feature", "properties": { }, "geometry": { "type": "Polygon", "coordinates": [ [ [ 386.0, 68.0 ], [ 386.0, 71.0 ], [ 387.0, 71.0 ], [ 387.0, 68.0 ], [ 386.0, 68.0 ] ] ] } },
{ "type": "Feature", "properties": { }, "geometry": { "type": "Polygon", "coordinates": [ [ [ 93.0, 66.0 ], [ 93.0, 72.0 ], [ 94.0, 72.0 ], [ 94.0, 66.0 ], [ 93.0, 66.0 ] ] ] } },
{ "type": "Feature", "properties": { }, "geometry": { "type": "Polygon", "coordinates": [ [ [ 376.0, 70.0 ], [ 376.0, 73.0 ], [ 377.0, 73.0 ], [ 377.0, 70.0 ], [ 376.0, 70.0 ] ] ] } },
{ "type": "Feature", "properties": { }, "geometry": { "type": "Polygon", "coordinates": [ [ [ 4.0, 71.0 ], [ 4.0, 73.0 ], [ 5.0, 73.0 ], [ 5.0, 71.0 ], [ 4.0, 71.0 ] ] ] } },
{ "type": "Feature", "properties": { }, "geometry": { "type": "Polygon", "coordinates": [ [ [ 387.0, 71.0 ], [ 387.0, 73.0 ], [ 388.0, 73.0 ], [ 388.0, 71.0 ], [ 387.0, 71.0 ] ] ] } },
{ "type": "Feature", "properties": { }, "geometry": { "type": "Polygon", "coordinates": [ [ [ 388.0, 73.0 ], [ 388.0, 75.0 ], [ 389.0, 75.0 ], [ 389.0, 73.0 ], [ 388.0, 73.0 ] ] ] } },
{ "type": "Feature", "properties": { }, "geometry": { "type": "Polygon", "coordinates": [ [ [ 377.0, 73.0 ], [ 377.0, 77.0 ], [ 378.0, 77.0 ], [ 378.0, 73.0 ], [ 377.0, 73.0 ] ] ] } },
{ "type": "Feature", "properties": { }, "geometry": { "type": "Polygon", "coordinates": [ [ [ 389.0, 75.0 ], [ 389.0, 79.0 ], [ 390.0, 79.0 ], [ 390.0, 75.0 ], [ 389.0, 75.0 ] ] ] } },
{ "type": "Feature", "properties": { }, "geometry": { "type": "Polygon", "coordinates": [ [ [ 378.0, 77.0 ], [ 378.0, 81.0 ], [ 379.0, 81.0 ], [ 379.0, 77.0 ], [ 378.0, 77.0 ] ] ] } },
{ "type": "Feature", "properties": { }, "geometry": { "type": "Polygon", "coordinates": [ [ [ 390.0, 79.0 ], [ 390.0, 81.0 ], [ 391.0, 81.0 ], [ 391.0, 79.0 ], [ 390.0, 79.0 ] ] ] } },
{ "type": "Feature", "properties": { }, "geometry": { "type": "Polygon", "coordinates": [ [ [ 391.0, 81.0 ], [ 391.0, 84.0 ], [ 392.0, 84.0 ], [ 392.0, 81.0 ], [ 391.0, 81.0 ] ] ] } },
{ "type": "Feature", "properties": { }, "geometry": { "type": "Polygon", "coordinates": [ [ [ 228.0, 68.0 ], [ 228.0, 85.0 ], [ 229.0, 85.0 ], [ 229.0, 68.0 ], [ 228.0, 68.0 ] ] ] } },
{ "type": "Feature", "properties": { }, "geometry": { "type": "Polygon", "coordinates": [ [ [ 92.0, 72.0 ], [ 92.0, 85.0 ], [ 93.0, 85.0 ], [ 93.0, 72.0 ], [ 92.0, 72.0 ] ] ] } },
{ "type": "Feature", "properties": { }, "geometry": { "type": "Polygon", "coordinates": [ [ [ 227.0, 85.0 ], [ 227.0, 86.0 ], [ 228.0, 86.0 ], [ 228.0, 85.0 ], [ 227.0, 85.0 ] ] ] } },
{ "type": "Feature", "properties": { }, "geometry": { "type": "Polygon", "coordinates": [ [ [ 379.0, 81.0 ], [ 379.0, 87.0 ], [ 380.0, 87.0 ], [ 380.0, 81.0 ], [ 379.0, 81.0 ] ] ] } },
{ "type": "Feature", "properties": { }, "geometry": { "type": "Polygon", "coordinates": [ [ [ 3.0, 73.0 ], [ 3.0, 88.0 ], [ 4.0, 88.0 ], [ 4.0, 73.0 ], [ 3.0, 73.0 ] ] ] } },
{ "type": "Feature", "properties": { }, "geometry": { "type": "Polygon", "coordinates": [ [ [ 226.0, 86.0 ], [ 226.0, 88.0 ], [ 227.0, 88.0 ], [ 227.0, 86.0 ], [ 226.0, 86.0 ] ] ] } },
{ "type": "Feature", "properties": { }, "geometry": { "type": "Polygon", "coordinates": [ [ [ 224.0, 88.0 ], [ 224.0, 89.0 ], [ 226.0, 89.0 ], [ 226.0, 88.0 ], [ 224.0, 88.0 ] ] ] } },
{ "type": "Feature", "properties": { }, "geometry": { "type": "Polygon", "coordinates": [ [ [ 392.0, 84.0 ], [ 392.0, 91.0 ], [ 393.0, 91.0 ], [ 393.0, 84.0 ], [ 392.0, 84.0 ] ] ] } },
{ "type": "Feature", "properties": { }, "geometry": { "type": "Polygon", "coordinates": [ [ [ 223.0, 89.0 ], [ 223.0, 91.0 ], [ 224.0, 91.0 ], [ 224.0, 89.0 ], [ 223.0, 89.0 ] ] ] } },
{ "type": "Feature", "properties": { }, "geometry": { "type": "Polygon", "coordinates": [ [ [ 380.0, 87.0 ], [ 380.0, 92.0 ], [ 381.0, 92.0 ], [ 381.0, 87.0 ], [ 380.0, 87.0 ] ] ] } },
{ "type": "Feature", "properties": { }, "geometry": { "type": "Polygon", "coordinates": [ [ [ 222.0, 91.0 ], [ 222.0, 92.0 ], [ 223.0, 92.0 ], [ 223.0, 91.0 ], [ 222.0, 91.0 ] ] ] } },
{ "type": "Feature", "properties": { }, "geometry": { "type": "Polygon", "coordinates": [ [ [ 91.0, 85.0 ], [ 91.0, 93.0 ], [ 92.0, 93.0 ], [ 92.0, 85.0 ], [ 91.0, 85.0 ] ] ] } },
{ "type": "Feature", "properties": { }, "geometry": { "type": "Polygon", "coordinates": [ [ [ 221.0, 92.0 ], [ 221.0, 93.0 ], [ 222.0, 93.0 ], [ 222.0, 92.0 ], [ 221.0, 92.0 ] ] ] } },
{ "type": "Feature", "properties": { }, "geometry": { "type": "Polygon", "coordinates": [ [ [ 220.0, 93.0 ], [ 220.0, 94.0 ], [ 221.0, 94.0 ], [ 221.0, 93.0 ], [ 220.0, 93.0 ] ] ] } },
{ "type": "Feature", "properties": { }, "geometry": { "type": "Polygon", "coordinates": [ [ [ 219.0, 94.0 ], [ 219.0, 95.0 ], [ 220.0, 95.0 ], [ 220.0, 94.0 ], [ 219.0, 94.0 ] ] ] } },
{ "type": "Feature", "properties": { }, "geometry": { "type": "Polygon", "coordinates": [ [ [ 381.0, 92.0 ], [ 381.0, 96.0 ], [ 382.0, 96.0 ], [ 382.0, 92.0 ], [ 381.0, 92.0 ] ] ] } },
{ "type": "Feature", "properties": { }, "geometry": { "type": "Polygon", "coordinates": [ [ [ 217.0, 95.0 ], [ 217.0, 96.0 ], [ 219.0, 96.0 ], [ 219.0, 95.0 ], [ 217.0, 95.0 ] ] ] } },
{ "type": "Feature", "properties": { }, "geometry": { "type": "Polygon", "coordinates": [ [ [ 2.0, 88.0 ], [ 2.0, 97.0 ], [ 3.0, 97.0 ], [ 3.0, 88.0 ], [ 2.0, 88.0 ] ] ] } },
{ "type": "Feature", "properties": { }, "geometry": { "type": "Polygon", "coordinates": [ [ [ 216.0, 96.0 ], [ 216.0, 97.0 ], [ 217.0, 97.0 ], [ 217.0, 96.0 ], [ 216.0, 96.0 ] ] ] } },
{ "type": "Feature", "properties": { }, "geometry": { "type": "Polygon", "coordinates": [ [ [ 393.0, 91.0 ], [ 393.0, 98.0 ], [ 394.0, 98.0 ], [ 394.0, 91.0 ], [ 393.0, 91.0 ] ] ] } },
{ "type": "Feature", "properties": { }, "geometry": { "type": "Polygon", "coordinates": [ [ [ 215.0, 97.0 ], [ 215.0, 98.0 ], [ 216.0, 98.0 ], [ 216.0, 97.0 ], [ 215.0, 97.0 ] ] ] } },
{ "type": "Feature", "properties": { }, "geometry": { "type": "Polygon", "coordinates": [ [ [ 213.0, 98.0 ], [ 213.0, 99.0 ], [ 215.0, 99.0 ], [ 215.0, 98.0 ], [ 213.0, 98.0 ] ] ] } },
{ "type": "Feature", "properties": { }, "geometry": { "type": "Polygon", "coordinates": [ [ [ 382.0, 96.0 ], [ 382.0, 100.0 ], [ 383.0, 100.0 ], [ 383.0, 96.0 ], [ 382.0, 96.0 ] ] ] } },
{ "type": "Feature", "properties": { }, "geometry": { "type": "Polygon", "coordinates": [ [ [ 212.0, 99.0 ], [ 212.0, 100.0 ], [ 213.0, 100.0 ], [ 213.0, 99.0 ], [ 212.0, 99.0 ] ] ] } },
{ "type": "Feature", "properties": { }, "geometry": { "type": "Polygon", "coordinates": [ [ [ 211.0, 100.0 ], [ 211.0, 101.0 ], [ 212.0, 101.0 ], [ 212.0, 100.0 ], [ 211.0, 100.0 ] ] ] } },
{ "type": "Feature", "properties": { }, "geometry": { "type": "Polygon", "coordinates": [ [ [ 90.0, 93.0 ], [ 90.0, 102.0 ], [ 91.0, 102.0 ], [ 91.0, 93.0 ], [ 90.0, 93.0 ] ] ] } },
{ "type": "Feature", "properties": { }, "geometry": { "type": "Polygon", "coordinates": [ [ [ 210.0, 101.0 ], [ 210.0, 102.0 ], [ 211.0, 102.0 ], [ 211.0, 101.0 ], [ 210.0, 101.0 ] ] ] } },
{ "type": "Feature", "properties": { }, "geometry": { "type": "Polygon", "coordinates": [ [ [ 394.0, 98.0 ], [ 394.0, 103.0 ], [ 395.0, 103.0 ], [ 395.0, 98.0 ], [ 394.0, 98.0 ] ] ] } },
{ "type": "Feature", "properties": { }, "geometry": { "type": "Polygon", "coordinates": [ [ [ 209.0, 102.0 ], [ 209.0, 103.0 ], [ 210.0, 103.0 ], [ 210.0, 102.0 ], [ 209.0, 102.0 ] ] ] } },
{ "type": "Feature", "properties": { }, "geometry": { "type": "Polygon", "coordinates": [ [ [ 207.0, 103.0 ], [ 207.0, 104.0 ], [ 209.0, 104.0 ], [ 209.0, 103.0 ], [ 207.0, 103.0 ] ] ] } },
{ "type": "Feature", "properties": { }, "geometry": { "type": "Polygon", "coordinates": [ [ [ 383.0, 100.0 ], [ 383.0, 105.0 ], [ 384.0, 105.0 ], [ 384.0, 100.0 ], [ 383.0, 100.0 ] ] ] } },
{ "type": "Feature", "properties": { }, "geometry": { "type": "Polygon", "coordinates": [ [ [ 205.0, 104.0 ], [ 205.0, 105.0 ], [ 207.0, 105.0 ], [ 207.0, 104.0 ], [ 205.0, 104.0 ] ] ] } },
{ "type": "Feature", "properties": { }, "geometry": { "type": "Polygon", "coordinates": [ [ [ 395.0, 103.0 ], [ 395.0, 106.0 ], [ 396.0, 106.0 ], [ 396.0, 103.0 ], [ 395.0, 103.0 ] ] ] } },
{ "type": "Feature", "properties": { }, "geometry": { "type": "Polygon", "coordinates": [ [ [ 204.0, 105.0 ], [ 204.0, 106.0 ], [ 205.0, 106.0 ], [ 205.0, 105.0 ], [ 204.0, 105.0 ] ] ] } },
{ "type": "Feature", "properties": { }, "geometry": { "type": "Polygon", "coordinates": [ [ [ 202.0, 106.0 ], [ 202.0, 107.0 ], [ 204.0, 107.0 ], [ 204.0, 106.0 ], [ 202.0, 106.0 ] ] ] } },
{ "type": "Feature", "properties": { }, "geometry": { "type": "Polygon", "coordinates": [ [ [ 384.0, 105.0 ], [ 384.0, 108.0 ], [ 385.0, 108.0 ], [ 385.0, 105.0 ], [ 384.0, 105.0 ] ] ] } },
{ "type": "Feature", "properties": { }, "geometry": { "type": "Polygon", "coordinates": [ [ [ 200.0, 107.0 ], [ 200.0, 108.0 ], [ 202.0, 108.0 ], [ 202.0, 107.0 ], [ 200.0, 107.0 ] ] ] } },
{ "type": "Feature", "properties": { }, "geometry": { "type": "Polygon", "coordinates": [ [ [ 396.0, 106.0 ], [ 396.0, 109.0 ], [ 397.0, 109.0 ], [ 397.0, 106.0 ], [ 396.0, 106.0 ] ] ] } },
{ "type": "Feature", "properties": { }, "geometry": { "type": "Polygon", "coordinates": [ [ [ 199.0, 108.0 ], [ 199.0, 109.0 ], [ 200.0, 109.0 ], [ 200.0, 108.0 ], [ 199.0, 108.0 ] ] ] } },
{ "type": "Feature", "properties": { }, "geometry": { "type": "Polygon", "coordinates": [ [ [ 1.0, 97.0 ], [ 1.0, 110.0 ], [ 2.0, 110.0 ], [ 2.0, 97.0 ], [ 1.0, 97.0 ] ] ] } },
{ "type": "Feature", "properties": { }, "geometry": { "type": "Polygon", "coordinates": [ [ [ 197.0, 109.0 ], [ 197.0, 110.0 ], [ 199.0, 110.0 ], [ 199.0, 109.0 ], [ 197.0, 109.0 ] ] ] } },
{ "type": "Feature", "properties": { }, "geometry": { "type": "Polygon", "coordinates": [ [ [ 89.0, 102.0 ], [ 89.0, 111.0 ], [ 90.0, 111.0 ], [ 90.0, 102.0 ], [ 89.0, 102.0 ] ] ] } },
{ "type": "Feature", "properties": { }, "geometry": { "type": "Polygon", "coordinates": [ [ [ 194.0, 110.0 ], [ 194.0, 111.0 ], [ 197.0, 111.0 ], [ 197.0, 110.0 ], [ 194.0, 110.0 ] ] ] } },
{ "type": "Feature", "properties": { }, "geometry": { "type": "Polygon", "coordinates": [ [ [ 385.0, 108.0 ], [ 385.0, 112.0 ], [ 386.0, 112.0 ], [ 386.0, 108.0 ], [ 385.0, 108.0 ] ] ] } },
{ "type": "Feature", "properties": { }, "geometry": { "type": "Polygon", "coordinates": [ [ [ 192.0, 111.0 ], [ 192.0, 112.0 ], [ 194.0, 112.0 ], [ 194.0, 111.0 ], [ 192.0, 111.0 ] ] ] } },
{ "type": "Feature", "properties": { }, "geometry": { "type": "Polygon", "coordinates": [ [ [ 397.0, 109.0 ], [ 397.0, 113.0 ], [ 398.0, 113.0 ], [ 398.0, 109.0 ], [ 397.0, 109.0 ] ] ] } },
{ "type": "Feature", "properties": { }, "geometry": { "type": "Polygon", "coordinates": [ [ [ 190.0, 112.0 ], [ 190.0, 113.0 ], [ 192.0, 113.0 ], [ 192.0, 112.0 ], [ 190.0, 112.0 ] ] ] } },
{ "type": "Feature", "properties": { }, "geometry": { "type": "Polygon", "coordinates": [ [ [ 189.0, 113.0 ], [ 189.0, 114.0 ], [ 190.0, 114.0 ], [ 190.0, 113.0 ], [ 189.0, 113.0 ] ] ] } },
{ "type": "Feature", "properties": { }, "geometry": { "type": "Polygon", "coordinates": [ [ [ 187.0, 114.0 ], [ 187.0, 115.0 ], [ 189.0, 115.0 ], [ 189.0, 114.0 ], [ 187.0, 114.0 ] ] ] } },
{ "type": "Feature", "properties": { }, "geometry": { "type": "Polygon", "coordinates": [ [ [ 386.0, 112.0 ], [ 386.0, 116.0 ], [ 387.0, 116.0 ], [ 387.0, 112.0 ], [ 386.0, 112.0 ] ] ] } },
{ "type": "Feature", "properties": { }, "geometry": { "type": "Polygon", "coordinates": [ [ [ 398.0, 113.0 ], [ 398.0, 116.0 ], [ 399.0, 116.0 ], [ 399.0, 113.0 ], [ 398.0, 113.0 ] ] ] } },
{ "type": "Feature", "properties": { }, "geometry": { "type": "Polygon", "coordinates": [ [ [ 186.0, 115.0 ], [ 186.0, 116.0 ], [ 187.0, 116.0 ], [ 187.0, 115.0 ], [ 186.0, 115.0 ] ] ] } },
{ "type": "Feature", "properties": { }, "geometry": { "type": "Polygon", "coordinates": [ [ [ 184.0, 116.0 ], [ 184.0, 117.0 ], [ 186.0, 117.0 ], [ 186.0, 116.0 ], [ 184.0, 116.0 ] ] ] } },
{ "type": "Feature", "properties": { }, "geometry": { "type": "Polygon", "coordinates": [ [ [ 182.0, 117.0 ], [ 182.0, 118.0 ], [ 184.0, 118.0 ], [ 184.0, 117.0 ], [ 182.0, 117.0 ] ] ] } },
{ "type": "Feature", "properties": { }, "geometry": { "type": "Polygon", "coordinates": [ [ [ 88.0, 111.0 ], [ 88.0, 119.0 ], [ 89.0, 119.0 ], [ 89.0, 111.0 ], [ 88.0, 111.0 ] ] ] } },
{ "type": "Feature", "properties": { }, "geometry": { "type": "Polygon", "coordinates": [ [ [ 180.0, 118.0 ], [ 180.0, 119.0 ], [ 182.0, 119.0 ], [ 182.0, 118.0 ], [ 180.0, 118.0 ] ] ] } },
{ "type": "Feature", "properties": { }, "geometry": { "type": "Polygon", "coordinates": [ [ [ 178.0, 119.0 ], [ 178.0, 120.0 ], [ 180.0, 120.0 ], [ 180.0, 119.0 ], [ 178.0, 119.0 ] ] ] } },
{ "type": "Feature", "properties": { }, "geometry": { "type": "Polygon", "coordinates": [ [ [ 177.0, 120.0 ], [ 177.0, 121.0 ], [ 178.0, 121.0 ], [ 178.0, 120.0 ], [ 177.0, 120.0 ] ] ] } },
{ "type": "Feature", "properties": { }, "geometry": { "type": "Polygon", "coordinates": [ [ [ 175.0, 121.0 ], [ 175.0, 122.0 ], [ 177.0, 122.0 ], [ 177.0, 121.0 ], [ 175.0, 121.0 ] ] ] } },
{ "type": "Feature", "properties": { }, "geometry": { "type": "Polygon", "coordinates": [ [ [ 399.0, 116.0 ], [ 399.0, 123.0 ], [ 400.0, 123.0 ], [ 400.0, 116.0 ], [ 399.0, 116.0 ] ] ] } },
{ "type": "Feature", "properties": { }, "geometry": { "type": "Polygon", "coordinates": [ [ [ 174.0, 122.0 ], [ 174.0, 123.0 ], [ 175.0, 123.0 ], [ 175.0, 122.0 ], [ 174.0, 122.0 ] ] ] } },
{ "type": "Feature", "properties": { }, "geometry": { "type": "Polygon", "coordinates": [ [ [ 387.0, 116.0 ], [ 387.0, 124.0 ], [ 388.0, 124.0 ], [ 388.0, 116.0 ], [ 387.0, 116.0 ] ] ] } },
{ "type": "Feature", "properties": { }, "geometry": { "type": "Polygon", "coordinates": [ [ [ 87.0, 119.0 ], [ 87.0, 124.0 ], [ 88.0, 124.0 ], [ 88.0, 119.0 ], [ 87.0, 119.0 ] ] ] } },
{ "type": "Feature", "properties": { }, "geometry": { "type": "Polygon", "coordinates": [ [ [ 172.0, 123.0 ], [ 172.0, 124.0 ], [ 174.0, 124.0 ], [ 174.0, 123.0 ], [ 172.0, 123.0 ] ] ] } },
{ "type": "Feature", "properties": { }, "geometry": { "type": "Polygon", "coordinates": [ [ [ 171.0, 124.0 ], [ 171.0, 125.0 ], [ 172.0, 125.0 ], [ 172.0, 124.0 ], [ 171.0, 124.0 ] ] ] } },
{ "type": "Feature", "properties": { }, "geometry": { "type": "Polygon", "coordinates": [ [ [ 400.0, 123.0 ], [ 400.0, 126.0 ], [ 401.0, 126.0 ], [ 401.0, 123.0 ], [ 400.0, 123.0 ] ] ] } },
{ "type": "Feature", "properties": { }, "geometry": { "type": "Polygon", "coordinates": [ [ [ 388.0, 124.0 ], [ 388.0, 126.0 ], [ 389.0, 126.0 ], [ 389.0, 124.0 ], [ 388.0, 124.0 ] ] ] } },
{ "type": "Feature", "properties": { }, "geometry": { "type": "Polygon", "coordinates": [ [ [ 170.0, 125.0 ], [ 170.0, 126.0 ], [ 171.0, 126.0 ], [ 171.0, 125.0 ], [ 170.0, 125.0 ] ] ] } },
{ "type": "Feature", "properties": { }, "geometry": { "type": "Polygon", "coordinates": [ [ [ 168.0, 126.0 ], [ 168.0, 127.0 ], [ 170.0, 127.0 ], [ 170.0, 126.0 ], [ 168.0, 126.0 ] ] ] } },
{ "type": "Feature", "properties": { }, "geometry": { "type": "Polygon", "coordinates": [ [ [ 167.0, 127.0 ], [ 167.0, 128.0 ], [ 168.0, 128.0 ], [ 168.0, 127.0 ], [ 167.0, 127.0 ] ] ] } },
{ "type": "Feature", "properties": { }, "geometry": { "type": "Polygon", "coordinates": [ [ [ 86.0, 124.0 ], [ 86.0, 129.0 ], [ 87.0, 129.0 ], [ 87.0, 124.0 ], [ 86.0, 124.0 ] ] ] } },
{ "type": "Feature", "properties": { }, "geometry": { "type": "Polygon", "coordinates": [ [ [ 389.0, 126.0 ], [ 389.0, 129.0 ], [ 390.0, 129.0 ], [ 390.0, 126.0 ], [ 389.0, 126.0 ] ] ] } },
{ "type": "Feature", "properties": { }, "geometry": { "type": "Polygon", "coordinates": [ [ [ 165.0, 128.0 ], [ 165.0, 129.0 ], [ 167.0, 129.0 ], [ 167.0, 128.0 ], [ 165.0, 128.0 ] ] ] } },
{ "type": "Feature", "properties": { }, "geometry": { "type": "Polygon", "coordinates": [ [ [ 164.0, 129.0 ], [ 164.0, 130.0 ], [ 165.0, 130.0 ], [ 165.0, 129.0 ], [ 164.0, 129.0 ] ] ] } },
{ "type": "Feature", "properties": { }, "geometry": { "type": "Polygon", "coordinates": [ [ [ 390.0, 129.0 ], [ 390.0, 131.0 ], [ 391.0, 131.0 ], [ 391.0, 129.0 ], [ 390.0, 129.0 ] ] ] } },
{ "type": "Feature", "properties": { }, "geometry": { "type": "Polygon", "coordinates": [ [ [ 161.0, 130.0 ], [ 161.0, 131.0 ], [ 164.0, 131.0 ], [ 164.0, 130.0 ], [ 161.0, 130.0 ] ] ] } },
{ "type": "Feature", "properties": { }, "geometry": { "type": "Polygon", "coordinates": [ [ [ 159.0, 131.0 ], [ 159.0, 132.0 ], [ 161.0, 132.0 ], [ 161.0, 131.0 ], [ 159.0, 131.0 ] ] ] } },
{ "type": "Feature", "properties": { }, "geometry": { "type": "Polygon", "coordinates": [ [ [ 401.0, 126.0 ], [ 401.0, 133.0 ], [ 402.0, 133.0 ], [ 402.0, 126.0 ], [ 401.0, 126.0 ] ] ] } },
{ "type": "Feature", "properties": { }, "geometry": { "type": "Polygon", "coordinates": [ [ [ 158.0, 132.0 ], [ 158.0, 133.0 ], [ 159.0, 133.0 ], [ 159.0, 132.0 ], [ 158.0, 132.0 ] ] ] } },
{ "type": "Feature", "properties": { }, "geometry": { "type": "Polygon", "coordinates": [ [ [ 85.0, 129.0 ], [ 85.0, 134.0 ], [ 86.0, 134.0 ], [ 86.0, 129.0 ], [ 85.0, 129.0 ] ] ] } },
{ "type": "Feature", "properties": { }, "geometry": { "type": "Polygon", "coordinates": [ [ [ 157.0, 133.0 ], [ 157.0, 134.0 ], [ 158.0, 134.0 ], [ 158.0, 133.0 ], [ 157.0, 133.0 ] ] ] } },
{ "type": "Feature", "properties": { }, "geometry": { "type": "Polygon", "coordinates": [ [ [ 155.0, 134.0 ], [ 155.0, 135.0 ], [ 157.0, 135.0 ], [ 157.0, 134.0 ], [ 155.0, 134.0 ] ] ] } },
{ "type": "Feature", "properties": { }, "geometry": { "type": "Polygon", "coordinates": [ [ [ 154.0, 135.0 ], [ 154.0, 136.0 ], [ 155.0, 136.0 ], [ 155.0, 135.0 ], [ 154.0, 135.0 ] ] ] } },
{ "type": "Feature", "properties": { }, "geometry": { "type": "Polygon", "coordinates": [ [ [ 152.0, 136.0 ], [ 152.0, 137.0 ], [ 154.0, 137.0 ], [ 154.0, 136.0 ], [ 152.0, 136.0 ] ] ] } },
{ "type": "Feature", "properties": { }, "geometry": { "type": "Polygon", "coordinates": [ [ [ 391.0, 131.0 ], [ 391.0, 138.0 ], [ 392.0, 138.0 ], [ 392.0, 131.0 ], [ 391.0, 131.0 ] ] ] } },
{ "type": "Feature", "properties": { }, "geometry": { "type": "Polygon", "coordinates": [ [ [ 150.0, 137.0 ], [ 150.0, 138.0 ], [ 152.0, 138.0 ], [ 152.0, 137.0 ], [ 150.0, 137.0 ] ] ] } },
{ "type": "Feature", "properties": { }, "geometry": { "type": "Polygon", "coordinates": [ [ [ 402.0, 133.0 ], [ 402.0, 139.0 ], [ 403.0, 139.0 ], [ 403.0, 133.0 ], [ 402.0, 133.0 ] ] ] } },
{ "type": "Feature", "properties": { }, "geometry": { "type": "Polygon", "coordinates": [ [ [ 149.0, 138.0 ], [ 149.0, 139.0 ], [ 150.0, 139.0 ], [ 150.0, 138.0 ], [ 149.0, 138.0 ] ] ] } },
{ "type": "Feature", "properties": { }, "geometry": { "type": "Polygon", "coordinates": [ [ [ 147.0, 139.0 ], [ 147.0, 140.0 ], [ 149.0, 140.0 ], [ 149.0, 139.0 ], [ 147.0, 139.0 ] ] ] } },
{ "type": "Feature", "properties": { }, "geometry": { "type": "Polygon", "coordinates": [ [ [ 84.0, 134.0 ], [ 84.0, 141.0 ], [ 85.0, 141.0 ], [ 85.0, 134.0 ], [ 84.0, 134.0 ] ] ] } },
{ "type": "Feature", "properties": { }, "geometry": { "type": "Polygon", "coordinates": [ [ [ 146.0, 140.0 ], [ 146.0, 141.0 ], [ 147.0, 141.0 ], [ 147.0, 140.0 ], [ 146.0, 140.0 ] ] ] } },
{ "type": "Feature", "properties": { }, "geometry": { "type": "Polygon", "coordinates": [ [ [ 144.0, 141.0 ], [ 144.0, 142.0 ], [ 146.0, 142.0 ], [ 146.0, 141.0 ], [ 144.0, 141.0 ] ] ] } },
{ "type": "Feature", "properties": { }, "geometry": { "type": "Polygon", "coordinates": [ [ [ 142.0, 142.0 ], [ 142.0, 143.0 ], [ 144.0, 143.0 ], [ 144.0, 142.0 ], [ 142.0, 142.0 ] ] ] } },
{ "type": "Feature", "properties": { }, "geometry": { "type": "Polygon", "coordinates": [ [ [ 141.0, 143.0 ], [ 141.0, 144.0 ], [ 142.0, 144.0 ], [ 142.0, 143.0 ], [ 141.0, 143.0 ] ] ] } },
{ "type": "Feature", "properties": { }, "geometry": { "type": "Polygon", "coordinates": [ [ [ 139.0, 144.0 ], [ 139.0, 145.0 ], [ 141.0, 145.0 ], [ 141.0, 144.0 ], [ 139.0, 144.0 ] ] ] } },
{ "type": "Feature", "properties": { }, "geometry": { "type": "Polygon", "coordinates": [ [ [ 403.0, 139.0 ], [ 403.0, 146.0 ], [ 404.0, 146.0 ], [ 404.0, 139.0 ], [ 403.0, 139.0 ] ] ] } },
{ "type": "Feature", "properties": { }, "geometry": { "type": "Polygon", "coordinates": [ [ [ 137.0, 145.0 ], [ 137.0, 146.0 ], [ 139.0, 146.0 ], [ 139.0, 145.0 ], [ 137.0, 145.0 ] ] ] } },
{ "type": "Feature", "properties": { }, "geometry": { "type": "Polygon", "coordinates": [ [ [ 135.0, 146.0 ], [ 135.0, 147.0 ], [ 137.0, 147.0 ], [ 137.0, 146.0 ], [ 135.0, 146.0 ] ] ] } },
{ "type": "Feature", "properties": { }, "geometry": { "type": "Polygon", "coordinates": [ [ [ 392.0, 138.0 ], [ 392.0, 148.0 ], [ 393.0, 148.0 ], [ 393.0, 138.0 ], [ 392.0, 138.0 ] ] ] } },
{ "type": "Feature", "properties": { }, "geometry": { "type": "Polygon", "coordinates": [ [ [ 133.0, 147.0 ], [ 133.0, 148.0 ], [ 135.0, 148.0 ], [ 135.0, 147.0 ], [ 133.0, 147.0 ] ] ] } },
{ "type": "Feature", "properties": { }, "geometry": { "type": "Polygon", "coordinates": [ [ [ 404.0, 146.0 ], [ 404.0, 149.0 ], [ 405.0, 149.0 ], [ 405.0, 146.0 ], [ 404.0, 146.0 ] ] ] } },
{ "type": "Feature", "properties": { }, "geometry": { "type": "Polygon", "coordinates": [ [ [ 131.0, 148.0 ], [ 131.0, 149.0 ], [ 133.0, 149.0 ], [ 133.0, 148.0 ], [ 131.0, 148.0 ] ] ] } },
{ "type": "Feature", "properties": { }, "geometry": { "type": "Polygon", "coordinates": [ [ [ 129.0, 149.0 ], [ 129.0, 150.0 ], [ 131.0, 150.0 ], [ 131.0, 149.0 ], [ 129.0, 149.0 ] ] ] } },
{ "type": "Feature", "properties": { }, "geometry": { "type": "Polygon", "coordinates": [ [ [ 321.0, 149.0 ], [ 321.0, 150.0 ], [ 322.0, 150.0 ], [ 322.0, 149.0 ], [ 321.0, 149.0 ] ] ] } },
{ "type": "Feature", "properties": { }, "geometry": { "type": "Polygon", "coordinates": [ [ [ 127.0, 150.0 ], [ 127.0, 151.0 ], [ 129.0, 151.0 ], [ 129.0, 150.0 ], [ 127.0, 150.0 ] ] ] } },
{ "type": "Feature", "properties": { }, "geometry": { "type": "Polygon", "coordinates": [ [ [ 125.0, 151.0 ], [ 125.0, 152.0 ], [ 127.0, 152.0 ], [ 127.0, 151.0 ], [ 125.0, 151.0 ] ] ] } },
{ "type": "Feature", "properties": { }, "geometry": { "type": "Polygon", "coordinates": [ [ [ 1.0, 151.0 ], [ 1.0, 153.0 ], [ 2.0, 153.0 ], [ 2.0, 151.0 ], [ 1.0, 151.0 ] ] ] } },
{ "type": "Feature", "properties": { }, "geometry": { "type": "Polygon", "coordinates": [ [ [ 123.0, 152.0 ], [ 123.0, 153.0 ], [ 125.0, 153.0 ], [ 125.0, 152.0 ], [ 123.0, 152.0 ] ] ] } },
{ "type": "Feature", "properties": { }, "geometry": { "type": "Polygon", "coordinates": [ [ [ 320.0, 150.0 ], [ 320.0, 154.0 ], [ 321.0, 154.0 ], [ 321.0, 150.0 ], [ 320.0, 150.0 ] ] ] } },
{ "type": "Feature", "properties": { }, "geometry": { "type": "Polygon", "coordinates": [ [ [ 2.0, 153.0 ], [ 2.0, 154.0 ], [ 10.0, 154.0 ], [ 10.0, 153.0 ], [ 2.0, 153.0 ] ] ] } },
{ "type": "Feature", "properties": { }, "geometry": { "type": "Polygon", "coordinates": [ [ [ 121.0, 153.0 ], [ 121.0, 154.0 ], [ 123.0, 154.0 ], [ 123.0, 153.0 ], [ 121.0, 153.0 ] ] ] } },
{ "type": "Feature", "properties": { }, "geometry": { "type": "Polygon", "coordinates": [ [ [ 393.0, 148.0 ], [ 393.0, 155.0 ], [ 394.0, 155.0 ], [ 394.0, 148.0 ], [ 393.0, 148.0 ] ] ] } },
{ "type": "Feature", "properties": { }, "geometry": { "type": "Polygon", "coordinates": [ [ [ 10.0, 154.0 ], [ 10.0, 155.0 ], [ 24.0, 155.0 ], [ 24.0, 154.0 ], [ 10.0, 154.0 ] ] ] } },
{ "type": "Feature", "properties": { }, "geometry": { "type": "Polygon", "coordinates": [ [ [ 119.0, 154.0 ], [ 119.0, 155.0 ], [ 121.0, 155.0 ], [ 121.0, 154.0 ], [ 119.0, 154.0 ] ] ] } },
{ "type": "Feature", "properties": { }, "geometry": { "type": "Polygon", "coordinates": [ [ [ 405.0, 149.0 ], [ 405.0, 156.0 ], [ 406.0, 156.0 ], [ 406.0, 149.0 ], [ 405.0, 149.0 ] ] ] } },
{ "type": "Feature", "properties": { }, "geometry": { "type": "Polygon", "coordinates": [ [ [ 319.0, 154.0 ], [ 319.0, 156.0 ], [ 320.0, 156.0 ], [ 320.0, 154.0 ], [ 319.0, 154.0 ] ] ] } },
{ "type": "Feature", "properties": { }, "geometry": { "type": "Polygon", "coordinates": [ [ [ 24.0, 155.0 ], [ 24.0, 156.0 ], [ 28.0, 156.0 ], [ 28.0, 155.0 ], [ 24.0, 155.0 ] ] ] } },
{ "type": "Feature", "properties": { }, "geometry": { "type": "Polygon", "coordinates": [ [ [ 117.0, 155.0 ], [ 117.0, 156.0 ], [ 119.0, 156.0 ], [ 119.0, 155.0 ], [ 117.0, 155.0 ] ] ] } },
{ "type": "Feature", "properties": { }, "geometry": { "type": "Polygon", "coordinates": [ [ [ 28.0, 156.0 ], [ 28.0, 157.0 ], [ 38.0, 157.0 ], [ 38.0, 156.0 ], [ 28.0, 156.0 ] ] ] } },
{ "type": "Feature", "properties": { }, "geometry": { "type": "Polygon", "coordinates": [ [ [ 114.0, 156.0 ], [ 114.0, 157.0 ], [ 117.0, 157.0 ], [ 117.0, 156.0 ], [ 114.0, 156.0 ] ] ] } },
{ "type": "Feature", "properties": { }, "geometry": { "type": "Polygon", "coordinates": [ [ [ 38.0, 157.0 ], [ 38.0, 158.0 ], [ 44.0, 158.0 ], [ 44.0, 157.0 ], [ 38.0, 157.0 ] ] ] } },
{ "type": "Feature", "properties": { }, "geometry": { "type": "Polygon", "coordinates": [ [ [ 111.0, 157.0 ], [ 111.0, 158.0 ], [ 114.0, 158.0 ], [ 114.0, 157.0 ], [ 111.0, 157.0 ] ] ] } },
{ "type": "Feature", "properties": { }, "geometry": { "type": "Polygon", "coordinates": [ [ [ 394.0, 155.0 ], [ 394.0, 159.0 ], [ 395.0, 159.0 ], [ 395.0, 155.0 ], [ 394.0, 155.0 ] ] ] } },
{ "type": "Feature", "properties": { }, "geometry": { "type": "Polygon", "coordinates": [ [ [ 320.0, 156.0 ], [ 320.0, 159.0 ], [ 321.0, 159.0 ], [ 321.0, 156.0 ], [ 320.0, 156.0 ] ] ] } },
{ "type": "Feature", "properties": { }, "geometry": { "type": "Polygon", "coordinates": [ [ [ 44.0, 158.0 ], [ 44.0, 159.0 ], [ 52.0, 159.0 ], [ 52.0, 158.0 ], [ 44.0, 158.0 ] ] ] } },
{ "type": "Feature", "properties": { }, "geometry": { "type": "Polygon", "coordinates": [ [ [ 109.0, 158.0 ], [ 109.0, 159.0 ], [ 111.0, 159.0 ], [ 111.0, 158.0 ], [ 109.0, 158.0 ] ] ] } },
{ "type": "Feature", "properties": { }, "geometry": { "type": "Polygon", "coordinates": [ [ [ 52.0, 159.0 ], [ 52.0, 160.0 ], [ 57.0, 160.0 ], [ 57.0, 159.0 ], [ 52.0, 159.0 ] ] ] } },
{ "type": "Feature", "properties": { }, "geometry": { "type": "Polygon", "coordinates": [ [ [ 105.0, 159.0 ], [ 105.0, 160.0 ], [ 109.0, 160.0 ], [ 109.0, 159.0 ], [ 105.0, 159.0 ] ] ] } },
{ "type": "Feature", "properties": { }, "geometry": { "type": "Polygon", "coordinates": [ [ [ 57.0, 160.0 ], [ 57.0, 161.0 ], [ 61.0, 161.0 ], [ 61.0, 160.0 ], [ 57.0, 160.0 ] ] ] } },
{ "type": "Feature", "properties": { }, "geometry": { "type": "Polygon", "coordinates": [ [ [ 99.0, 160.0 ], [ 99.0, 161.0 ], [ 105.0, 161.0 ], [ 105.0, 160.0 ], [ 99.0, 160.0 ] ] ] } },
{ "type": "Feature", "properties": { }, "geometry": { "type": "Polygon", "coordinates": [ [ [ 406.0, 156.0 ], [ 406.0, 162.0 ], [ 407.0, 162.0 ], [ 407.0, 156.0 ], [ 406.0, 156.0 ] ] ] } },
{ "type": "Feature", "properties": { }, "geometry": { "type": "Polygon", "coordinates": [ [ [ 321.0, 159.0 ], [ 321.0, 162.0 ], [ 322.0, 162.0 ], [ 322.0, 159.0 ], [ 321.0, 159.0 ] ] ] } },
{ "type": "Feature", "properties": { }, "geometry": { "type": "Polygon", "coordinates": [ [ [ 61.0, 161.0 ], [ 61.0, 162.0 ], [ 65.0, 162.0 ], [ 65.0, 161.0 ], [ 61.0, 161.0 ] ] ] } },
{ "type": "Feature", "properties": { }, "geometry": { "type": "Polygon", "coordinates": [ [ [ 83.0, 141.0 ], [ 83.0, 163.0 ], [ 84.0, 163.0 ], [ 84.0, 162.0 ], [ 99.0, 162.0 ], [ 99.0, 161.0 ], [ 84.0, 161.0 ], [ 84.0, 141.0 ], [ 83.0, 141.0 ] ] ] } },
{ "type": "Feature", "properties": { }, "geometry": { "type": "Polygon", "coordinates": [ [ [ 65.0, 162.0 ], [ 65.0, 163.0 ], [ 78.0, 163.0 ], [ 78.0, 162.0 ], [ 65.0, 162.0 ] ] ] } },
{ "type": "Feature", "properties": { }, "geometry": { "type": "Polygon", "coordinates": [ [ [ 395.0, 159.0 ], [ 395.0, 165.0 ], [ 396.0, 165.0 ], [ 396.0, 159.0 ], [ 395.0, 159.0 ] ] ] } },
{ "type": "Feature", "properties": { }, "geometry": { "type": "Polygon", "coordinates": [ [ [ 407.0, 162.0 ], [ 407.0, 167.0 ], [ 408.0, 167.0 ], [ 408.0, 162.0 ], [ 407.0, 162.0 ] ] ] } },
{ "type": "Feature", "properties": { }, "geometry": { "type": "Polygon", "coordinates": [ [ [ 408.0, 167.0 ], [ 408.0, 171.0 ], [ 409.0, 171.0 ], [ 409.0, 167.0 ], [ 408.0, 167.0 ] ] ] } },
{ "type": "Feature", "properties": { }, "geometry": { "type": "Polygon", "coordinates": [ [ [ 396.0, 165.0 ], [ 396.0, 172.0 ], [ 397.0, 172.0 ], [ 397.0, 165.0 ], [ 396.0, 165.0 ] ] ] } },
{ "type": "Feature", "properties": { }, "geometry": { "type": "Polygon", "coordinates": [ [ [ 78.0, 163.0 ], [ 78.0, 164.0 ], [ 82.0, 164.0 ], [ 82.0, 173.0 ], [ 83.0, 173.0 ], [ 83.0, 163.0 ], [ 78.0, 163.0 ] ] ] } },
{ "type": "Feature", "properties": { }, "geometry": { "type": "Polygon", "coordinates": [ [ [ 322.0, 162.0 ], [ 322.0, 174.0 ], [ 323.0, 174.0 ], [ 323.0, 162.0 ], [ 322.0, 162.0 ] ] ] } },
{ "type": "Feature", "properties": { }, "geometry": { "type": "Polygon", "coordinates": [ [ [ 409.0, 171.0 ], [ 409.0, 178.0 ], [ 410.0, 178.0 ], [ 410.0, 171.0 ], [ 409.0, 171.0 ] ] ] } },
{ "type": "Feature", "properties": { }, "geometry": { "type": "Polygon", "coordinates": [ [ [ 397.0, 172.0 ], [ 397.0, 178.0 ], [ 398.0, 178.0 ], [ 398.0, 172.0 ], [ 397.0, 172.0 ] ] ] } },
{ "type": "Feature", "properties": { }, "geometry": { "type": "Polygon", "coordinates": [ [ [ 83.0, 173.0 ], [ 83.0, 184.0 ], [ 84.0, 184.0 ], [ 84.0, 173.0 ], [ 83.0, 173.0 ] ] ] } },
{ "type": "Feature", "properties": { }, "geometry": { "type": "Polygon", "coordinates": [ [ [ 398.0, 178.0 ], [ 398.0, 187.0 ], [ 399.0, 187.0 ], [ 399.0, 178.0 ], [ 398.0, 178.0 ] ] ] } },
{ "type": "Feature", "properties": { }, "geometry": { "type": "Polygon", "coordinates": [ [ [ 410.0, 178.0 ], [ 410.0, 187.0 ], [ 411.0, 187.0 ], [ 411.0, 178.0 ], [ 410.0, 178.0 ] ] ] } },
{ "type": "Feature", "properties": { }, "geometry": { "type": "Polygon", "coordinates": [ [ [ 323.0, 174.0 ], [ 323.0, 189.0 ], [ 324.0, 189.0 ], [ 324.0, 174.0 ], [ 323.0, 174.0 ] ] ] } },
{ "type": "Feature", "properties": { }, "geometry": { "type": "Polygon", "coordinates": [ [ [ 399.0, 187.0 ], [ 399.0, 192.0 ], [ 400.0, 192.0 ], [ 400.0, 187.0 ], [ 399.0, 187.0 ] ] ] } },
{ "type": "Feature", "properties": { }, "geometry": { "type": "Polygon", "coordinates": [ [ [ 411.0, 187.0 ], [ 411.0, 195.0 ], [ 412.0, 195.0 ], [ 412.0, 187.0 ], [ 411.0, 187.0 ] ] ] } },
{ "type": "Feature", "properties": { }, "geometry": { "type": "Polygon", "coordinates": [ [ [ 400.0, 192.0 ], [ 400.0, 198.0 ], [ 401.0, 198.0 ], [ 401.0, 192.0 ], [ 400.0, 192.0 ] ] ] } },
{ "type": "Feature", "properties": { }, "geometry": { "type": "Polygon", "coordinates": [ [ [ 412.0, 195.0 ], [ 412.0, 200.0 ], [ 413.0, 200.0 ], [ 413.0, 195.0 ], [ 412.0, 195.0 ] ] ] } },
{ "type": "Feature", "properties": { }, "geometry": { "type": "Polygon", "coordinates": [ [ [ 401.0, 198.0 ], [ 401.0, 202.0 ], [ 402.0, 202.0 ], [ 402.0, 198.0 ], [ 401.0, 198.0 ] ] ] } },
{ "type": "Feature", "properties": { }, "geometry": { "type": "Polygon", "coordinates": [ [ [ 413.0, 200.0 ], [ 413.0, 208.0 ], [ 414.0, 208.0 ], [ 414.0, 200.0 ], [ 413.0, 200.0 ] ] ] } },
{ "type": "Feature", "properties": { }, "geometry": { "type": "Polygon", "coordinates": [ [ [ 324.0, 189.0 ], [ 324.0, 209.0 ], [ 325.0, 209.0 ], [ 325.0, 189.0 ], [ 324.0, 189.0 ] ] ] } },
{ "type": "Feature", "properties": { }, "geometry": { "type": "Polygon", "coordinates": [ [ [ 402.0, 202.0 ], [ 402.0, 211.0 ], [ 403.0, 211.0 ], [ 403.0, 202.0 ], [ 402.0, 202.0 ] ] ] } },
{ "type": "Feature", "properties": { }, "geometry": { "type": "Polygon", "coordinates": [ [ [ 414.0, 208.0 ], [ 414.0, 214.0 ], [ 415.0, 214.0 ], [ 415.0, 208.0 ], [ 414.0, 208.0 ] ] ] } },
{ "type": "Feature", "properties": { }, "geometry": { "type": "Polygon", "coordinates": [ [ [ 403.0, 211.0 ], [ 403.0, 217.0 ], [ 404.0, 217.0 ], [ 404.0, 211.0 ], [ 403.0, 211.0 ] ] ] } },
{ "type": "Feature", "properties": { }, "geometry": { "type": "Polygon", "coordinates": [ [ [ 323.0, 209.0 ], [ 323.0, 219.0 ], [ 324.0, 219.0 ], [ 324.0, 209.0 ], [ 323.0, 209.0 ] ] ] } },
{ "type": "Feature", "properties": { }, "geometry": { "type": "Polygon", "coordinates": [ [ [ 415.0, 214.0 ], [ 415.0, 219.0 ], [ 416.0, 219.0 ], [ 416.0, 214.0 ], [ 415.0, 214.0 ] ] ] } },
{ "type": "Feature", "properties": { }, "geometry": { "type": "Polygon", "coordinates": [ [ [ 404.0, 217.0 ], [ 404.0, 221.0 ], [ 405.0, 221.0 ], [ 405.0, 217.0 ], [ 404.0, 217.0 ] ] ] } },
{ "type": "Feature", "properties": { }, "geometry": { "type": "Polygon", "coordinates": [ [ [ 416.0, 219.0 ], [ 416.0, 223.0 ], [ 417.0, 223.0 ], [ 417.0, 219.0 ], [ 416.0, 219.0 ] ] ] } },
{ "type": "Feature", "properties": { }, "geometry": { "type": "Polygon", "coordinates": [ [ [ 405.0, 221.0 ], [ 405.0, 224.0 ], [ 406.0, 224.0 ], [ 406.0, 221.0 ], [ 405.0, 221.0 ] ] ] } },
{ "type": "Feature", "properties": { }, "geometry": { "type": "Polygon", "coordinates": [ [ [ 322.0, 219.0 ], [ 322.0, 225.0 ], [ 323.0, 225.0 ], [ 323.0, 219.0 ], [ 322.0, 219.0 ] ] ] } },
{ "type": "Feature", "properties": { }, "geometry": { "type": "Polygon", "coordinates": [ [ [ 84.0, 184.0 ], [ 84.0, 227.0 ], [ 85.0, 227.0 ], [ 85.0, 184.0 ], [ 84.0, 184.0 ] ] ] } },
{ "type": "Feature", "properties": { }, "geometry": { "type": "Polygon", "coordinates": [ [ [ 417.0, 223.0 ], [ 417.0, 229.0 ], [ 418.0, 229.0 ], [ 418.0, 223.0 ], [ 417.0, 223.0 ] ] ] } },
{ "type": "Feature", "properties": { }, "geometry": { "type": "Polygon", "coordinates": [ [ [ 406.0, 224.0 ], [ 406.0, 230.0 ], [ 407.0, 230.0 ], [ 407.0, 224.0 ], [ 406.0, 224.0 ] ] ] } },
{ "type": "Feature", "properties": { }, "geometry": { "type": "Polygon", "coordinates": [ [ [ 321.0, 225.0 ], [ 321.0, 231.0 ], [ 322.0, 231.0 ], [ 322.0, 225.0 ], [ 321.0, 225.0 ] ] ] } },
{ "type": "Feature", "properties": { }, "geometry": { "type": "Polygon", "coordinates": [ [ [ 85.0, 227.0 ], [ 85.0, 235.0 ], [ 86.0, 235.0 ], [ 86.0, 227.0 ], [ 85.0, 227.0 ] ] ] } },
{ "type": "Feature", "properties": { }, "geometry": { "type": "Polygon", "coordinates": [ [ [ 320.0, 231.0 ], [ 320.0, 237.0 ], [ 321.0, 237.0 ], [ 321.0, 231.0 ], [ 320.0, 231.0 ] ] ] } },
{ "type": "Feature", "properties": { }, "geometry": { "type": "Polygon", "coordinates": [ [ [ 407.0, 230.0 ], [ 407.0, 240.0 ], [ 408.0, 240.0 ], [ 408.0, 230.0 ], [ 407.0, 230.0 ] ] ] } },
{ "type": "Feature", "properties": { }, "geometry": { "type": "Polygon", "coordinates": [ [ [ 86.0, 235.0 ], [ 86.0, 240.0 ], [ 87.0, 240.0 ], [ 87.0, 235.0 ], [ 86.0, 235.0 ] ] ] } },
{ "type": "Feature", "properties": { }, "geometry": { "type": "Polygon", "coordinates": [ [ [ 418.0, 229.0 ], [ 418.0, 241.0 ], [ 419.0, 241.0 ], [ 419.0, 229.0 ], [ 418.0, 229.0 ] ] ] } },
{ "type": "Feature", "properties": { }, "geometry": { "type": "Polygon", "coordinates": [ [ [ 319.0, 237.0 ], [ 319.0, 243.0 ], [ 320.0, 243.0 ], [ 320.0, 237.0 ], [ 319.0, 237.0 ] ] ] } },
{ "type": "Feature", "properties": { }, "geometry": { "type": "Polygon", "coordinates": [ [ [ 419.0, 241.0 ], [ 419.0, 243.0 ], [ 420.0, 243.0 ], [ 420.0, 241.0 ], [ 419.0, 241.0 ] ] ] } },
{ "type": "Feature", "properties": { }, "geometry": { "type": "Polygon", "coordinates": [ [ [ 420.0, 243.0 ], [ 420.0, 245.0 ], [ 421.0, 245.0 ], [ 421.0, 243.0 ], [ 420.0, 243.0 ] ] ] } },
{ "type": "Feature", "properties": { }, "geometry": { "type": "Polygon", "coordinates": [ [ [ 87.0, 240.0 ], [ 87.0, 247.0 ], [ 88.0, 247.0 ], [ 88.0, 240.0 ], [ 87.0, 240.0 ] ] ] } },
{ "type": "Feature", "properties": { }, "geometry": { "type": "Polygon", "coordinates": [ [ [ 408.0, 240.0 ], [ 408.0, 247.0 ], [ 409.0, 247.0 ], [ 409.0, 240.0 ], [ 408.0, 240.0 ] ] ] } },
{ "type": "Feature", "properties": { }, "geometry": { "type": "Polygon", "coordinates": [ [ [ 409.0, 247.0 ], [ 409.0, 250.0 ], [ 410.0, 250.0 ], [ 410.0, 247.0 ], [ 409.0, 247.0 ] ] ] } },
{ "type": "Feature", "properties": { }, "geometry": { "type": "Polygon", "coordinates": [ [ [ 318.0, 243.0 ], [ 318.0, 251.0 ], [ 319.0, 251.0 ], [ 319.0, 243.0 ], [ 318.0, 243.0 ] ] ] } },
{ "type": "Feature", "properties": { }, "geometry": { "type": "Polygon", "coordinates": [ [ [ 421.0, 245.0 ], [ 421.0, 254.0 ], [ 422.0, 254.0 ], [ 422.0, 245.0 ], [ 421.0, 245.0 ] ] ] } },
{ "type": "Feature", "properties": { }, "geometry": { "type": "Polygon", "coordinates": [ [ [ 88.0, 247.0 ], [ 88.0, 254.0 ], [ 89.0, 254.0 ], [ 89.0, 247.0 ], [ 88.0, 247.0 ] ] ] } },
{ "type": "Feature", "properties": { }, "geometry": { "type": "Polygon", "coordinates": [ [ [ 422.0, 254.0 ], [ 422.0, 257.0 ], [ 423.0, 257.0 ], [ 423.0, 254.0 ], [ 422.0, 254.0 ] ] ] } },
{ "type": "Feature", "properties": { }, "geometry": { "type": "Polygon", "coordinates": [ [ [ 89.0, 254.0 ], [ 89.0, 257.0 ], [ 87.0, 257.0 ], [ 87.0, 258.0 ], [ 94.0, 258.0 ], [ 94.0, 257.0 ], [ 90.0, 257.0 ], [ 90.0, 254.0 ], [ 89.0, 254.0 ] ] ] } },
{ "type": "Feature", "properties": { }, "geometry": { "type": "Polygon", "coordinates": [ [ [ 410.0, 250.0 ], [ 410.0, 259.0 ], [ 411.0, 259.0 ], [ 411.0, 250.0 ], [ 410.0, 250.0 ] ] ] } },
{ "type": "Feature", "properties": { }, "geometry": { "type": "Polygon", "coordinates": [ [ [ 82.0, 258.0 ], [ 82.0, 259.0 ], [ 87.0, 259.0 ], [ 87.0, 258.0 ], [ 82.0, 258.0 ] ] ] } },
{ "type": "Feature", "properties": { }, "geometry": { "type": "Polygon", "coordinates": [ [ [ 94.0, 258.0 ], [ 94.0, 259.0 ], [ 97.0, 259.0 ], [ 97.0, 258.0 ], [ 94.0, 258.0 ] ] ] } },
{ "type": "Feature", "properties": { }, "geometry": { "type": "Polygon", "coordinates": [ [ [ 70.0, 259.0 ], [ 70.0, 260.0 ], [ 82.0, 260.0 ], [ 82.0, 259.0 ], [ 70.0, 259.0 ] ] ] } },
{ "type": "Feature", "properties": { }, "geometry": { "type": "Polygon", "coordinates": [ [ [ 97.0, 259.0 ], [ 97.0, 260.0 ], [ 101.0, 260.0 ], [ 101.0, 259.0 ], [ 97.0, 259.0 ] ] ] } },
{ "type": "Feature", "properties": { }, "geometry": { "type": "Polygon", "coordinates": [ [ [ 423.0, 257.0 ], [ 423.0, 261.0 ], [ 424.0, 261.0 ], [ 424.0, 257.0 ], [ 423.0, 257.0 ] ] ] } },
{ "type": "Feature", "properties": { }, "geometry": { "type": "Polygon", "coordinates": [ [ [ 23.0, 260.0 ], [ 23.0, 261.0 ], [ 70.0, 261.0 ], [ 70.0, 260.0 ], [ 23.0, 260.0 ] ] ] } },
{ "type": "Feature", "properties": { }, "geometry": { "type": "Polygon", "coordinates": [ [ [ 101.0, 260.0 ], [ 101.0, 261.0 ], [ 107.0, 261.0 ], [ 107.0, 260.0 ], [ 101.0, 260.0 ] ] ] } },
{ "type": "Feature", "properties": { }, "geometry": { "type": "Polygon", "coordinates": [ [ [ 411.0, 259.0 ], [ 411.0, 262.0 ], [ 412.0, 262.0 ], [ 412.0, 259.0 ], [ 411.0, 259.0 ] ] ] } },
{ "type": "Feature", "properties": { }, "geometry": { "type": "Polygon", "coordinates": [ [ [ 1.0, 260.0 ], [ 1.0, 262.0 ], [ 2.0, 262.0 ], [ 2.0, 260.0 ], [ 1.0, 260.0 ] ] ] } },
{ "type": "Feature", "properties": { }, "geometry": { "type": "Polygon", "coordinates": [ [ [ 17.0, 261.0 ], [ 17.0, 262.0 ], [ 23.0, 262.0 ], [ 23.0, 261.0 ], [ 17.0, 261.0 ] ] ] } },
{ "type": "Feature", "properties": { }, "geometry": { "type": "Polygon", "coordinates": [ [ [ 107.0, 261.0 ], [ 107.0, 262.0 ], [ 118.0, 262.0 ], [ 118.0, 261.0 ], [ 107.0, 261.0 ] ] ] } },
{ "type": "Feature", "properties": { }, "geometry": { "type": "Polygon", "coordinates": [ [ [ 124.0, 261.0 ], [ 124.0, 262.0 ], [ 150.0, 262.0 ], [ 150.0, 261.0 ], [ 124.0, 261.0 ] ] ] } },
{ "type": "Feature", "properties": { }, "geometry": { "type": "Polygon", "coordinates": [ [ [ 166.0, 261.0 ], [ 166.0, 262.0 ], [ 185.0, 262.0 ], [ 185.0, 261.0 ], [ 166.0, 261.0 ] ] ] } },
{ "type": "Feature", "properties": { }, "geometry": { "type": "Polygon", "coordinates": [ [ [ 2.0, 262.0 ], [ 2.0, 263.0 ], [ 17.0, 263.0 ], [ 17.0, 262.0 ], [ 2.0, 262.0 ] ] ] } },
{ "type": "Feature", "properties": { }, "geometry": { "type": "Polygon", "coordinates": [ [ [ 150.0, 262.0 ], [ 150.0, 263.0 ], [ 166.0, 263.0 ], [ 166.0, 262.0 ], [ 150.0, 262.0 ] ] ] } },
{ "type": "Feature", "properties": { }, "geometry": { "type": "Polygon", "coordinates": [ [ [ 185.0, 262.0 ], [ 185.0, 263.0 ], [ 205.0, 263.0 ], [ 205.0, 262.0 ], [ 185.0, 262.0 ] ] ] } },
{ "type": "Feature", "properties": { }, "geometry": { "type": "Polygon", "coordinates": [ [ [ 118.0, 262.0 ], [ 118.0, 263.0 ], [ 120.0, 263.0 ], [ 120.0, 264.0 ], [ 121.0, 264.0 ], [ 121.0, 263.0 ], [ 124.0, 263.0 ], [ 124.0, 262.0 ], [ 118.0, 262.0 ] ] ] } },
{ "type": "Feature", "properties": { }, "geometry": { "type": "Polygon", "coordinates": [ [ [ 205.0, 263.0 ], [ 205.0, 264.0 ], [ 220.0, 264.0 ], [ 220.0, 263.0 ], [ 205.0, 263.0 ] ] ] } },
{ "type": "Feature", "properties": { }, "geometry": { "type": "Polygon", "coordinates": [ [ [ 220.0, 264.0 ], [ 220.0, 265.0 ], [ 238.0, 265.0 ], [ 238.0, 264.0 ], [ 220.0, 264.0 ] ] ] } },
{ "type": "Feature", "properties": { }, "geometry": { "type": "Polygon", "coordinates": [ [ [ 410.0, 262.0 ], [ 410.0, 264.0 ], [ 364.0, 264.0 ], [ 364.0, 265.0 ], [ 412.0, 265.0 ], [ 412.0, 264.0 ], [ 411.0, 264.0 ], [ 411.0, 262.0 ], [ 410.0, 262.0 ] ] ] } },
{ "type": "Feature", "properties": { }, "geometry": { "type": "Polygon", "coordinates": [ [ [ 424.0, 261.0 ], [ 424.0, 266.0 ], [ 426.0, 266.0 ], [ 426.0, 265.0 ], [ 425.0, 265.0 ], [ 425.0, 261.0 ], [ 424.0, 261.0 ] ] ] } },
{ "type": "Feature", "properties": { }, "geometry": { "type": "Polygon", "coordinates": [ [ [ 238.0, 265.0 ], [ 238.0, 266.0 ], [ 247.0, 266.0 ], [ 247.0, 265.0 ], [ 238.0, 265.0 ] ] ] } },
{ "type": "Feature", "properties": { }, "geometry": { "type": "Polygon", "coordinates": [ [ [ 350.0, 265.0 ], [ 350.0, 266.0 ], [ 364.0, 266.0 ], [ 364.0, 265.0 ], [ 350.0, 265.0 ] ] ] } },
{ "type": "Feature", "properties": { }, "geometry": { "type": "Polygon", "coordinates": [ [ [ 412.0, 265.0 ], [ 412.0, 266.0 ], [ 413.0, 266.0 ], [ 413.0, 265.0 ], [ 412.0, 265.0 ] ] ] } },
{ "type": "Feature", "properties": { }, "geometry": { "type": "Polygon", "coordinates": [ [ [ 317.0, 251.0 ], [ 317.0, 267.0 ], [ 324.0, 267.0 ], [ 324.0, 266.0 ], [ 318.0, 266.0 ], [ 318.0, 251.0 ], [ 317.0, 251.0 ] ] ] } },
{ "type": "Feature", "properties": { }, "geometry": { "type": "Polygon", "coordinates": [ [ [ 247.0, 266.0 ], [ 247.0, 267.0 ], [ 292.0, 267.0 ], [ 292.0, 266.0 ], [ 247.0, 266.0 ] ] ] } },
{ "type": "Feature", "properties": { }, "geometry": { "type": "Polygon", "coordinates": [ [ [ 335.0, 266.0 ], [ 335.0, 267.0 ], [ 350.0, 267.0 ], [ 350.0, 266.0 ], [ 335.0, 266.0 ] ] ] } },
{ "type": "Feature", "properties": { }, "geometry": { "type": "Polygon", "coordinates": [ [ [ 413.0, 266.0 ], [ 413.0, 267.0 ], [ 416.0, 267.0 ], [ 416.0, 266.0 ], [ 413.0, 266.0 ] ] ] } },
{ "type": "Feature", "properties": { }, "geometry": { "type": "Polygon", "coordinates": [ [ [ 419.0, 266.0 ], [ 419.0, 267.0 ], [ 424.0, 267.0 ], [ 424.0, 266.0 ], [ 419.0, 266.0 ] ] ] } },
{ "type": "Feature", "properties": { }, "geometry": { "type": "Polygon", "coordinates": [ [ [ 426.0, 266.0 ], [ 426.0, 267.0 ], [ 429.0, 267.0 ], [ 429.0, 266.0 ], [ 426.0, 266.0 ] ] ] } },
{ "type": "Feature", "properties": { }, "geometry": { "type": "Polygon", "coordinates": [ [ [ 292.0, 267.0 ], [ 292.0, 268.0 ], [ 317.0, 268.0 ], [ 317.0, 267.0 ], [ 292.0, 267.0 ] ] ] } },
{ "type": "Feature", "properties": { }, "geometry": { "type": "Polygon", "coordinates": [ [ [ 324.0, 267.0 ], [ 324.0, 268.0 ], [ 335.0, 268.0 ], [ 335.0, 267.0 ], [ 324.0, 267.0 ] ] ] } },
{ "type": "Feature", "properties": { }, "geometry": { "type": "Polygon", "coordinates": [ [ [ 429.0, 267.0 ], [ 429.0, 268.0 ], [ 430.0, 268.0 ], [ 430.0, 267.0 ], [ 429.0, 267.0 ] ] ] } },
{ "type": "Feature", "properties": { }, "geometry": { "type": "Polygon", "coordinates": [ [ [ 430.0, 268.0 ], [ 430.0, 269.0 ], [ 431.0, 269.0 ], [ 431.0, 268.0 ], [ 430.0, 268.0 ] ] ] } },
{ "type": "Feature", "properties": { }, "geometry": { "type": "Polygon", "coordinates": [ [ [ 431.0, 269.0 ], [ 431.0, 270.0 ], [ 432.0, 270.0 ], [ 432.0, 269.0 ], [ 431.0, 269.0 ] ] ] } },
{ "type": "Feature", "properties": { }, "geometry": { "type": "Polygon", "coordinates": [ [ [ 416.0, 267.0 ], [ 416.0, 268.0 ], [ 417.0, 268.0 ], [ 417.0, 271.0 ], [ 418.0, 271.0 ], [ 418.0, 268.0 ], [ 419.0, 268.0 ], [ 419.0, 267.0 ], [ 416.0, 267.0 ] ] ] } },
{ "type": "Feature", "properties": { }, "geometry": { "type": "Polygon", "coordinates": [ [ [ 510.0, 270.0 ], [ 510.0, 271.0 ], [ 511.0, 271.0 ], [ 511.0, 270.0 ], [ 510.0, 270.0 ] ] ] } },
{ "type": "Feature", "properties": { }, "geometry": { "type": "Polygon", "coordinates": [ [ [ 459.0, 271.0 ], [ 459.0, 272.0 ], [ 468.0, 272.0 ], [ 468.0, 271.0 ], [ 459.0, 271.0 ] ] ] } },
{ "type": "Feature", "properties": { }, "geometry": { "type": "Polygon", "coordinates": [ [ [ 509.0, 271.0 ], [ 509.0, 272.0 ], [ 510.0, 272.0 ], [ 510.0, 271.0 ], [ 509.0, 271.0 ] ] ] } },
{ "type": "Feature", "properties": { }, "geometry": { "type": "Polygon", "coordinates": [ [ [ 468.0, 272.0 ], [ 468.0, 273.0 ], [ 509.0, 273.0 ], [ 509.0, 272.0 ], [ 468.0, 272.0 ] ] ] } },
{ "type": "Feature", "properties": { }, "geometry": { "type": "Polygon", "coordinates": [ [ [ 121.0, 264.0 ], [ 121.0, 278.0 ], [ 122.0, 278.0 ], [ 122.0, 264.0 ], [ 121.0, 264.0 ] ] ] } },
{ "type": "Feature", "properties": { }, "geometry": { "type": "Polygon", "coordinates": [ [ [ 418.0, 271.0 ], [ 418.0, 281.0 ], [ 419.0, 281.0 ], [ 419.0, 271.0 ], [ 418.0, 271.0 ] ] ] } },
{ "type": "Feature", "properties": { }, "geometry": { "type": "Polygon", "coordinates": [ [ [ 122.0, 278.0 ], [ 122.0, 283.0 ], [ 123.0, 283.0 ], [ 123.0, 278.0 ], [ 122.0, 278.0 ] ] ] } },
{ "type": "Feature", "properties": { }, "geometry": { "type": "Polygon", "coordinates": [ [ [ 123.0, 283.0 ], [ 123.0, 288.0 ], [ 124.0, 288.0 ], [ 124.0, 283.0 ], [ 123.0, 283.0 ] ] ] } },
{ "type": "Feature", "properties": { }, "geometry": { "type": "Polygon", "coordinates": [ [ [ 419.0, 281.0 ], [ 419.0, 293.0 ], [ 420.0, 293.0 ], [ 420.0, 281.0 ], [ 419.0, 281.0 ] ] ] } },
{ "type": "Feature", "properties": { }, "geometry": { "type": "Polygon", "coordinates": [ [ [ 124.0, 288.0 ], [ 124.0, 293.0 ], [ 125.0, 293.0 ], [ 125.0, 288.0 ], [ 124.0, 288.0 ] ] ] } },
{ "type": "Feature", "properties": { }, "geometry": { "type": "Polygon", "coordinates": [ [ [ 432.0, 270.0 ], [ 432.0, 271.0 ], [ 433.0, 271.0 ], [ 433.0, 297.0 ], [ 434.0, 297.0 ], [ 434.0, 271.0 ], [ 459.0, 271.0 ], [ 459.0, 270.0 ], [ 432.0, 270.0 ] ] ] } },
{ "type": "Feature", "properties": { }, "geometry": { "type": "Polygon", "coordinates": [ [ [ 125.0, 293.0 ], [ 125.0, 298.0 ], [ 126.0, 298.0 ], [ 126.0, 293.0 ], [ 125.0, 293.0 ] ] ] } },
{ "type": "Feature", "properties": { }, "geometry": { "type": "Polygon", "coordinates": [ [ [ 126.0, 298.0 ], [ 126.0, 301.0 ], [ 127.0, 301.0 ], [ 127.0, 298.0 ], [ 126.0, 298.0 ] ] ] } },
{ "type": "Feature", "properties": { }, "geometry": { "type": "Polygon", "coordinates": [ [ [ 420.0, 293.0 ], [ 420.0, 302.0 ], [ 421.0, 302.0 ], [ 421.0, 293.0 ], [ 420.0, 293.0 ] ] ] } },
{ "type": "Feature", "properties": { }, "geometry": { "type": "Polygon", "coordinates": [ [ [ 434.0, 297.0 ], [ 434.0, 305.0 ], [ 435.0, 305.0 ], [ 435.0, 297.0 ], [ 434.0, 297.0 ] ] ] } },
{ "type": "Feature", "properties": { }, "geometry": { "type": "Polygon", "coordinates": [ [ [ 419.0, 302.0 ], [ 419.0, 306.0 ], [ 420.0, 306.0 ], [ 420.0, 302.0 ], [ 419.0, 302.0 ] ] ] } },
{ "type": "Feature", "properties": { }, "geometry": { "type": "Polygon", "coordinates": [ [ [ 420.0, 306.0 ], [ 420.0, 308.0 ], [ 421.0, 308.0 ], [ 421.0, 306.0 ], [ 420.0, 306.0 ] ] ] } },
{ "type": "Feature", "properties": { }, "geometry": { "type": "Polygon", "coordinates": [ [ [ 127.0, 301.0 ], [ 127.0, 310.0 ], [ 128.0, 310.0 ], [ 128.0, 301.0 ], [ 127.0, 301.0 ] ] ] } },
{ "type": "Feature", "properties": { }, "geometry": { "type": "Polygon", "coordinates": [ [ [ 435.0, 305.0 ], [ 435.0, 310.0 ], [ 436.0, 310.0 ], [ 436.0, 305.0 ], [ 435.0, 305.0 ] ] ] } },
{ "type": "Feature", "properties": { }, "geometry": { "type": "Polygon", "coordinates": [ [ [ 419.0, 308.0 ], [ 419.0, 309.0 ], [ 418.0, 309.0 ], [ 418.0, 310.0 ], [ 422.0, 310.0 ], [ 422.0, 309.0 ], [ 420.0, 309.0 ], [ 420.0, 308.0 ], [ 419.0, 308.0 ] ] ] } },
{ "type": "Feature", "properties": { }, "geometry": { "type": "Polygon", "coordinates": [ [ [ 416.0, 310.0 ], [ 416.0, 311.0 ], [ 418.0, 311.0 ], [ 418.0, 310.0 ], [ 416.0, 310.0 ] ] ] } },
{ "type": "Feature", "properties": { }, "geometry": { "type": "Polygon", "coordinates": [ [ [ 415.0, 311.0 ], [ 415.0, 313.0 ], [ 416.0, 313.0 ], [ 416.0, 311.0 ], [ 415.0, 311.0 ] ] ] } },
{ "type": "Feature", "properties": { }, "geometry": { "type": "Polygon", "coordinates": [ [ [ 414.0, 313.0 ], [ 414.0, 314.0 ], [ 415.0, 314.0 ], [ 415.0, 313.0 ], [ 414.0, 313.0 ] ] ] } },
{ "type": "Feature", "properties": { }, "geometry": { "type": "Polygon", "coordinates": [ [ [ 422.0, 310.0 ], [ 422.0, 316.0 ], [ 423.0, 316.0 ], [ 423.0, 310.0 ], [ 422.0, 310.0 ] ] ] } },
{ "type": "Feature", "properties": { }, "geometry": { "type": "Polygon", "coordinates": [ [ [ 436.0, 310.0 ], [ 436.0, 318.0 ], [ 437.0, 318.0 ], [ 437.0, 310.0 ], [ 436.0, 310.0 ] ] ] } },
{ "type": "Feature", "properties": { }, "geometry": { "type": "Polygon", "coordinates": [ [ [ 423.0, 316.0 ], [ 423.0, 325.0 ], [ 424.0, 325.0 ], [ 424.0, 316.0 ], [ 423.0, 316.0 ] ] ] } },
{ "type": "Feature", "properties": { }, "geometry": { "type": "Polygon", "coordinates": [ [ [ 437.0, 318.0 ], [ 437.0, 326.0 ], [ 438.0, 326.0 ], [ 438.0, 318.0 ], [ 437.0, 318.0 ] ] ] } },
{ "type": "Feature", "properties": { }, "geometry": { "type": "Polygon", "coordinates": [ [ [ 128.0, 310.0 ], [ 128.0, 329.0 ], [ 129.0, 329.0 ], [ 129.0, 310.0 ], [ 128.0, 310.0 ] ] ] } },
{ "type": "Feature", "properties": { }, "geometry": { "type": "Polygon", "coordinates": [ [ [ 424.0, 325.0 ], [ 424.0, 332.0 ], [ 425.0, 332.0 ], [ 425.0, 325.0 ], [ 424.0, 325.0 ] ] ] } },
{ "type": "Feature", "properties": { }, "geometry": { "type": "Polygon", "coordinates": [ [ [ 129.0, 329.0 ], [ 129.0, 333.0 ], [ 130.0, 333.0 ], [ 130.0, 329.0 ], [ 129.0, 329.0 ] ] ] } },
{ "type": "Feature", "properties": { }, "geometry": { "type": "Polygon", "coordinates": [ [ [ 438.0, 326.0 ], [ 438.0, 340.0 ], [ 439.0, 340.0 ], [ 439.0, 326.0 ], [ 438.0, 326.0 ] ] ] } },
{ "type": "Feature", "properties": { }, "geometry": { "type": "Polygon", "coordinates": [ [ [ 128.0, 333.0 ], [ 128.0, 345.0 ], [ 129.0, 345.0 ], [ 129.0, 333.0 ], [ 128.0, 333.0 ] ] ] } },
{ "type": "Feature", "properties": { }, "geometry": { "type": "Polygon", "coordinates": [ [ [ 439.0, 340.0 ], [ 439.0, 349.0 ], [ 440.0, 349.0 ], [ 440.0, 340.0 ], [ 439.0, 340.0 ] ] ] } },
{ "type": "Feature", "properties": { }, "geometry": { "type": "Polygon", "coordinates": [ [ [ 425.0, 332.0 ], [ 425.0, 356.0 ], [ 426.0, 356.0 ], [ 426.0, 332.0 ], [ 425.0, 332.0 ] ] ] } },
{ "type": "Feature", "properties": { }, "geometry": { "type": "Polygon", "coordinates": [ [ [ 440.0, 349.0 ], [ 440.0, 360.0 ], [ 441.0, 360.0 ], [ 441.0, 349.0 ], [ 440.0, 349.0 ] ] ] } },
{ "type": "Feature", "properties": { }, "geometry": { "type": "Polygon", "coordinates": [ [ [ 127.0, 345.0 ], [ 127.0, 362.0 ], [ 128.0, 362.0 ], [ 128.0, 345.0 ], [ 127.0, 345.0 ] ] ] } },
{ "type": "Feature", "properties": { }, "geometry": { "type": "Polygon", "coordinates": [ [ [ 426.0, 356.0 ], [ 426.0, 368.0 ], [ 427.0, 368.0 ], [ 427.0, 356.0 ], [ 426.0, 356.0 ] ] ] } },
{ "type": "Feature", "properties": { }, "geometry": { "type": "Polygon", "coordinates": [ [ [ 441.0, 360.0 ], [ 441.0, 370.0 ], [ 442.0, 370.0 ], [ 442.0, 360.0 ], [ 441.0, 360.0 ] ] ] } },
{ "type": "Feature", "properties": { }, "geometry": { "type": "Polygon", "coordinates": [ [ [ 126.0, 362.0 ], [ 126.0, 377.0 ], [ 127.0, 377.0 ], [ 127.0, 362.0 ], [ 126.0, 362.0 ] ] ] } },
{ "type": "Feature", "properties": { }, "geometry": { "type": "Polygon", "coordinates": [ [ [ 241.0, 380.0 ], [ 241.0, 382.0 ], [ 242.0, 382.0 ], [ 242.0, 380.0 ], [ 241.0, 380.0 ] ] ] } },
{ "type": "Feature", "properties": { }, "geometry": { "type": "Polygon", "coordinates": [ [ [ 240.0, 382.0 ], [ 240.0, 386.0 ], [ 241.0, 386.0 ], [ 241.0, 382.0 ], [ 240.0, 382.0 ] ] ] } },
{ "type": "Feature", "properties": { }, "geometry": { "type": "Polygon", "coordinates": [ [ [ 442.0, 370.0 ], [ 442.0, 388.0 ], [ 443.0, 388.0 ], [ 443.0, 370.0 ], [ 442.0, 370.0 ] ] ] } },
{ "type": "Feature", "properties": { }, "geometry": { "type": "Polygon", "coordinates": [ [ [ 239.0, 386.0 ], [ 239.0, 390.0 ], [ 240.0, 390.0 ], [ 240.0, 386.0 ], [ 239.0, 386.0 ] ] ] } },
{ "type": "Feature", "properties": { }, "geometry": { "type": "Polygon", "coordinates": [ [ [ 125.0, 377.0 ], [ 125.0, 397.0 ], [ 126.0, 397.0 ], [ 126.0, 377.0 ], [ 125.0, 377.0 ] ] ] } },
{ "type": "Feature", "properties": { }, "geometry": { "type": "Polygon", "coordinates": [ [ [ 238.0, 390.0 ], [ 238.0, 397.0 ], [ 239.0, 397.0 ], [ 239.0, 390.0 ], [ 238.0, 390.0 ] ] ] } },
{ "type": "Feature", "properties": { }, "geometry": { "type": "Polygon", "coordinates": [ [ [ 441.0, 388.0 ], [ 441.0, 402.0 ], [ 442.0, 402.0 ], [ 442.0, 388.0 ], [ 441.0, 388.0 ] ] ] } },
{ "type": "Feature", "properties": { }, "geometry": { "type": "Polygon", "coordinates": [ [ [ 124.0, 397.0 ], [ 124.0, 403.0 ], [ 125.0, 403.0 ], [ 125.0, 397.0 ], [ 124.0, 397.0 ] ] ] } },
{ "type": "Feature", "properties": { }, "geometry": { "type": "Polygon", "coordinates": [ [ [ 442.0, 402.0 ], [ 442.0, 410.0 ], [ 443.0, 410.0 ], [ 443.0, 402.0 ], [ 442.0, 402.0 ] ] ] } },
{ "type": "Feature", "properties": { }, "geometry": { "type": "Polygon", "coordinates": [ [ [ 125.0, 403.0 ], [ 125.0, 413.0 ], [ 126.0, 413.0 ], [ 126.0, 403.0 ], [ 125.0, 403.0 ] ] ] } },
{ "type": "Feature", "properties": { }, "geometry": { "type": "Polygon", "coordinates": [ [ [ 237.0, 397.0 ], [ 237.0, 417.0 ], [ 238.0, 417.0 ], [ 238.0, 397.0 ], [ 237.0, 397.0 ] ] ] } },
{ "type": "Feature", "properties": { }, "geometry": { "type": "Polygon", "coordinates": [ [ [ 126.0, 413.0 ], [ 126.0, 417.0 ], [ 127.0, 417.0 ], [ 127.0, 413.0 ], [ 126.0, 413.0 ] ] ] } },
{ "type": "Feature", "properties": { }, "geometry": { "type": "Polygon", "coordinates": [ [ [ 452.0, 417.0 ], [ 452.0, 418.0 ], [ 460.0, 418.0 ], [ 460.0, 417.0 ], [ 452.0, 417.0 ] ] ] } },
{ "type": "Feature", "properties": { }, "geometry": { "type": "Polygon", "coordinates": [ [ [ 189.0, 418.0 ], [ 189.0, 419.0 ], [ 194.0, 419.0 ], [ 194.0, 418.0 ], [ 189.0, 418.0 ] ] ] } },
{ "type": "Feature", "properties": { }, "geometry": { "type": "Polygon", "coordinates": [ [ [ 460.0, 418.0 ], [ 460.0, 419.0 ], [ 469.0, 419.0 ], [ 469.0, 418.0 ], [ 460.0, 418.0 ] ] ] } },
{ "type": "Feature", "properties": { }, "geometry": { "type": "Polygon", "coordinates": [ [ [ 427.0, 368.0 ], [ 427.0, 420.0 ], [ 428.0, 420.0 ], [ 428.0, 368.0 ], [ 427.0, 368.0 ] ] ] } },
{ "type": "Feature", "properties": { }, "geometry": { "type": "Polygon", "coordinates": [ [ [ 186.0, 419.0 ], [ 186.0, 420.0 ], [ 189.0, 420.0 ], [ 189.0, 419.0 ], [ 186.0, 419.0 ] ] ] } },
{ "type": "Feature", "properties": { }, "geometry": { "type": "Polygon", "coordinates": [ [ [ 194.0, 419.0 ], [ 194.0, 420.0 ], [ 200.0, 420.0 ], [ 200.0, 419.0 ], [ 194.0, 419.0 ] ] ] } },
{ "type": "Feature", "properties": { }, "geometry": { "type": "Polygon", "coordinates": [ [ [ 469.0, 419.0 ], [ 469.0, 420.0 ], [ 474.0, 420.0 ], [ 474.0, 419.0 ], [ 469.0, 419.0 ] ] ] } },
{ "type": "Feature", "properties": { }, "geometry": { "type": "Polygon", "coordinates": [ [ [ 236.0, 417.0 ], [ 236.0, 421.0 ], [ 237.0, 421.0 ], [ 237.0, 417.0 ], [ 236.0, 417.0 ] ] ] } },
{ "type": "Feature", "properties": { }, "geometry": { "type": "Polygon", "coordinates": [ [ [ 184.0, 420.0 ], [ 184.0, 421.0 ], [ 186.0, 421.0 ], [ 186.0, 420.0 ], [ 184.0, 420.0 ] ] ] } },
{ "type": "Feature", "properties": { }, "geometry": { "type": "Polygon", "coordinates": [ [ [ 200.0, 420.0 ], [ 200.0, 421.0 ], [ 208.0, 421.0 ], [ 208.0, 420.0 ], [ 200.0, 420.0 ] ] ] } },
{ "type": "Feature", "properties": { }, "geometry": { "type": "Polygon", "coordinates": [ [ [ 474.0, 420.0 ], [ 474.0, 421.0 ], [ 483.0, 421.0 ], [ 483.0, 420.0 ], [ 474.0, 420.0 ] ] ] } },
{ "type": "Feature", "properties": { }, "geometry": { "type": "Polygon", "coordinates": [ [ [ 208.0, 421.0 ], [ 208.0, 422.0 ], [ 213.0, 422.0 ], [ 213.0, 421.0 ], [ 208.0, 421.0 ] ] ] } },
{ "type": "Feature", "properties": { }, "geometry": { "type": "Polygon", "coordinates": [ [ [ 235.0, 421.0 ], [ 235.0, 422.0 ], [ 236.0, 422.0 ], [ 236.0, 421.0 ], [ 235.0, 421.0 ] ] ] } },
{ "type": "Feature", "properties": { }, "geometry": { "type": "Polygon", "coordinates": [ [ [ 483.0, 421.0 ], [ 483.0, 422.0 ], [ 494.0, 422.0 ], [ 494.0, 421.0 ], [ 483.0, 421.0 ] ] ] } },
{ "type": "Feature", "properties": { }, "geometry": { "type": "Polygon", "coordinates": [ [ [ 213.0, 422.0 ], [ 213.0, 423.0 ], [ 230.0, 423.0 ], [ 230.0, 422.0 ], [ 213.0, 422.0 ] ] ] } },
{ "type": "Feature", "properties": { }, "geometry": { "type": "Polygon", "coordinates": [ [ [ 494.0, 422.0 ], [ 494.0, 423.0 ], [ 502.0, 423.0 ], [ 502.0, 422.0 ], [ 494.0, 422.0 ] ] ] } },
{ "type": "Feature", "properties": { }, "geometry": { "type": "Polygon", "coordinates": [ [ [ 127.0, 417.0 ], [ 127.0, 424.0 ], [ 128.0, 424.0 ], [ 128.0, 417.0 ], [ 127.0, 417.0 ] ] ] } },
{ "type": "Feature", "properties": { }, "geometry": { "type": "Polygon", "coordinates": [ [ [ 502.0, 423.0 ], [ 502.0, 424.0 ], [ 506.0, 424.0 ], [ 506.0, 423.0 ], [ 502.0, 423.0 ] ] ] } },
{ "type": "Feature", "properties": { }, "geometry": { "type": "Polygon", "coordinates": [ [ [ 506.0, 424.0 ], [ 506.0, 425.0 ], [ 507.0, 425.0 ], [ 507.0, 424.0 ], [ 506.0, 424.0 ] ] ] } },
{ "type": "Feature", "properties": { }, "geometry": { "type": "Polygon", "coordinates": [ [ [ 507.0, 425.0 ], [ 507.0, 426.0 ], [ 510.0, 426.0 ], [ 510.0, 425.0 ], [ 507.0, 425.0 ] ] ] } },
{ "type": "Feature", "properties": { }, "geometry": { "type": "Polygon", "coordinates": [ [ [ 428.0, 420.0 ], [ 428.0, 428.0 ], [ 429.0, 428.0 ], [ 429.0, 420.0 ], [ 428.0, 420.0 ] ] ] } },
{ "type": "Feature", "properties": { }, "geometry": { "type": "Polygon", "coordinates": [ [ [ 443.0, 410.0 ], [ 443.0, 430.0 ], [ 444.0, 430.0 ], [ 444.0, 417.0 ], [ 452.0, 417.0 ], [ 452.0, 416.0 ], [ 444.0, 416.0 ], [ 444.0, 410.0 ], [ 443.0, 410.0 ] ] ] } },
{ "type": "Feature", "properties": { }, "geometry": { "type": "Polygon", "coordinates": [ [ [ 234.0, 422.0 ], [ 234.0, 423.0 ], [ 230.0, 423.0 ], [ 230.0, 424.0 ], [ 234.0, 424.0 ], [ 234.0, 430.0 ], [ 235.0, 430.0 ], [ 235.0, 422.0 ], [ 234.0, 422.0 ] ] ] } },
{ "type": "Feature", "properties": { }, "geometry": { "type": "Polygon", "coordinates": [ [ [ 128.0, 424.0 ], [ 128.0, 431.0 ], [ 129.0, 431.0 ], [ 129.0, 424.0 ], [ 128.0, 424.0 ] ] ] } },
{ "type": "Feature", "properties": { }, "geometry": { "type": "Polygon", "coordinates": [ [ [ 429.0, 428.0 ], [ 429.0, 433.0 ], [ 430.0, 433.0 ], [ 430.0, 428.0 ], [ 429.0, 428.0 ] ] ] } },
{ "type": "Feature", "properties": { }, "geometry": { "type": "Polygon", "coordinates": [ [ [ 171.0, 425.0 ], [ 171.0, 434.0 ], [ 172.0, 434.0 ], [ 172.0, 425.0 ], [ 171.0, 425.0 ] ] ] } },
{ "type": "Feature", "properties": { }, "geometry": { "type": "Polygon", "coordinates": [ [ [ 233.0, 430.0 ], [ 233.0, 435.0 ], [ 234.0, 435.0 ], [ 234.0, 430.0 ], [ 233.0, 430.0 ] ] ] } },
{ "type": "Feature", "properties": { }, "geometry": { "type": "Polygon", "coordinates": [ [ [ 442.0, 430.0 ], [ 442.0, 437.0 ], [ 443.0, 437.0 ], [ 443.0, 430.0 ], [ 442.0, 430.0 ] ] ] } },
{ "type": "Feature", "properties": { }, "geometry": { "type": "Polygon", "coordinates": [ [ [ 129.0, 431.0 ], [ 129.0, 438.0 ], [ 130.0, 438.0 ], [ 130.0, 431.0 ], [ 129.0, 431.0 ] ] ] } },
{ "type": "Feature", "properties": { }, "geometry": { "type": "Polygon", "coordinates": [ [ [ 232.0, 435.0 ], [ 232.0, 439.0 ], [ 233.0, 439.0 ], [ 233.0, 435.0 ], [ 232.0, 435.0 ] ] ] } },
{ "type": "Feature", "properties": { }, "geometry": { "type": "Polygon", "coordinates": [ [ [ 170.0, 434.0 ], [ 170.0, 440.0 ], [ 171.0, 440.0 ], [ 171.0, 434.0 ], [ 170.0, 434.0 ] ] ] } },
{ "type": "Feature", "properties": { }, "geometry": { "type": "Polygon", "coordinates": [ [ [ 2.0, 439.0 ], [ 2.0, 441.0 ], [ 3.0, 441.0 ], [ 3.0, 439.0 ], [ 2.0, 439.0 ] ] ] } },
{ "type": "Feature", "properties": { }, "geometry": { "type": "Polygon", "coordinates": [ [ [ 130.0, 438.0 ], [ 130.0, 442.0 ], [ 131.0, 442.0 ], [ 131.0, 438.0 ], [ 130.0, 438.0 ] ] ] } },
{ "type": "Feature", "properties": { }, "geometry": { "type": "Polygon", "coordinates": [ [ [ 3.0, 441.0 ], [ 3.0, 442.0 ], [ 10.0, 442.0 ], [ 10.0, 441.0 ], [ 3.0, 441.0 ] ] ] } },
{ "type": "Feature", "properties": { }, "geometry": { "type": "Polygon", "coordinates": [ [ [ 231.0, 439.0 ], [ 231.0, 443.0 ], [ 232.0, 443.0 ], [ 232.0, 439.0 ], [ 231.0, 439.0 ] ] ] } },
{ "type": "Feature", "properties": { }, "geometry": { "type": "Polygon", "coordinates": [ [ [ 2.0, 442.0 ], [ 2.0, 443.0 ], [ 3.0, 443.0 ], [ 3.0, 442.0 ], [ 2.0, 442.0 ] ] ] } },
{ "type": "Feature", "properties": { }, "geometry": { "type": "Polygon", "coordinates": [ [ [ 10.0, 442.0 ], [ 10.0, 443.0 ], [ 14.0, 443.0 ], [ 14.0, 442.0 ], [ 10.0, 442.0 ] ] ] } },
{ "type": "Feature", "properties": { }, "geometry": { "type": "Polygon", "coordinates": [ [ [ 14.0, 443.0 ], [ 14.0, 444.0 ], [ 22.0, 444.0 ], [ 22.0, 443.0 ], [ 14.0, 443.0 ] ] ] } },
{ "type": "Feature", "properties": { }, "geometry": { "type": "Polygon", "coordinates": [ [ [ 428.0, 433.0 ], [ 428.0, 445.0 ], [ 429.0, 445.0 ], [ 429.0, 433.0 ], [ 428.0, 433.0 ] ] ] } },
{ "type": "Feature", "properties": { }, "geometry": { "type": "Polygon", "coordinates": [ [ [ 22.0, 444.0 ], [ 22.0, 445.0 ], [ 29.0, 445.0 ], [ 29.0, 444.0 ], [ 22.0, 444.0 ] ] ] } },
{ "type": "Feature", "properties": { }, "geometry": { "type": "Polygon", "coordinates": [ [ [ 29.0, 445.0 ], [ 29.0, 446.0 ], [ 33.0, 446.0 ], [ 33.0, 445.0 ], [ 29.0, 445.0 ] ] ] } },
{ "type": "Feature", "properties": { }, "geometry": { "type": "Polygon", "coordinates": [ [ [ 169.0, 440.0 ], [ 169.0, 447.0 ], [ 170.0, 447.0 ], [ 170.0, 440.0 ], [ 169.0, 440.0 ] ] ] } },
{ "type": "Feature", "properties": { }, "geometry": { "type": "Polygon", "coordinates": [ [ [ 33.0, 446.0 ], [ 33.0, 447.0 ], [ 37.0, 447.0 ], [ 37.0, 446.0 ], [ 33.0, 446.0 ] ] ] } },
{ "type": "Feature", "properties": { }, "geometry": { "type": "Polygon", "coordinates": [ [ [ 37.0, 447.0 ], [ 37.0, 448.0 ], [ 41.0, 448.0 ], [ 41.0, 447.0 ], [ 37.0, 447.0 ] ] ] } },
{ "type": "Feature", "properties": { }, "geometry": { "type": "Polygon", "coordinates": [ [ [ 131.0, 442.0 ], [ 131.0, 449.0 ], [ 132.0, 449.0 ], [ 132.0, 442.0 ], [ 131.0, 442.0 ] ] ] } },
{ "type": "Feature", "properties": { }, "geometry": { "type": "Polygon", "coordinates": [ [ [ 230.0, 443.0 ], [ 230.0, 449.0 ], [ 231.0, 449.0 ], [ 231.0, 443.0 ], [ 230.0, 443.0 ] ] ] } },
{ "type": "Feature", "properties": { }, "geometry": { "type": "Polygon", "coordinates": [ [ [ 41.0, 448.0 ], [ 41.0, 449.0 ], [ 44.0, 449.0 ], [ 44.0, 448.0 ], [ 41.0, 448.0 ] ] ] } },
{ "type": "Feature", "properties": { }, "geometry": { "type": "Polygon", "coordinates": [ [ [ 168.0, 447.0 ], [ 168.0, 450.0 ], [ 169.0, 450.0 ], [ 169.0, 447.0 ], [ 168.0, 447.0 ] ] ] } },
{ "type": "Feature", "properties": { }, "geometry": { "type": "Polygon", "coordinates": [ [ [ 44.0, 449.0 ], [ 44.0, 450.0 ], [ 49.0, 450.0 ], [ 49.0, 449.0 ], [ 44.0, 449.0 ] ] ] } },
{ "type": "Feature", "properties": { }, "geometry": { "type": "Polygon", "coordinates": [ [ [ 49.0, 450.0 ], [ 49.0, 451.0 ], [ 54.0, 451.0 ], [ 54.0, 450.0 ], [ 49.0, 450.0 ] ] ] } },
{ "type": "Feature", "properties": { }, "geometry": { "type": "Polygon", "coordinates": [ [ [ 54.0, 451.0 ], [ 54.0, 452.0 ], [ 58.0, 452.0 ], [ 58.0, 451.0 ], [ 54.0, 451.0 ] ] ] } },
{ "type": "Feature", "properties": { }, "geometry": { "type": "Polygon", "coordinates": [ [ [ 167.0, 450.0 ], [ 167.0, 453.0 ], [ 168.0, 453.0 ], [ 168.0, 450.0 ], [ 167.0, 450.0 ] ] ] } },
{ "type": "Feature", "properties": { }, "geometry": { "type": "Polygon", "coordinates": [ [ [ 58.0, 452.0 ], [ 58.0, 453.0 ], [ 64.0, 453.0 ], [ 64.0, 452.0 ], [ 58.0, 452.0 ] ] ] } },
{ "type": "Feature", "properties": { }, "geometry": { "type": "Polygon", "coordinates": [ [ [ 64.0, 453.0 ], [ 64.0, 454.0 ], [ 69.0, 454.0 ], [ 69.0, 453.0 ], [ 64.0, 453.0 ] ] ] } },
{ "type": "Feature", "properties": { }, "geometry": { "type": "Polygon", "coordinates": [ [ [ 229.0, 449.0 ], [ 229.0, 455.0 ], [ 230.0, 455.0 ], [ 230.0, 449.0 ], [ 229.0, 449.0 ] ] ] } },
{ "type": "Feature", "properties": { }, "geometry": { "type": "Polygon", "coordinates": [ [ [ 166.0, 453.0 ], [ 166.0, 455.0 ], [ 167.0, 455.0 ], [ 167.0, 453.0 ], [ 166.0, 453.0 ] ] ] } },
{ "type": "Feature", "properties": { }, "geometry": { "type": "Polygon", "coordinates": [ [ [ 69.0, 454.0 ], [ 69.0, 455.0 ], [ 73.0, 455.0 ], [ 73.0, 454.0 ], [ 69.0, 454.0 ] ] ] } },
{ "type": "Feature", "properties": { }, "geometry": { "type": "Polygon", "coordinates": [ [ [ 132.0, 449.0 ], [ 132.0, 456.0 ], [ 133.0, 456.0 ], [ 133.0, 449.0 ], [ 132.0, 449.0 ] ] ] } },
{ "type": "Feature", "properties": { }, "geometry": { "type": "Polygon", "coordinates": [ [ [ 73.0, 455.0 ], [ 73.0, 456.0 ], [ 76.0, 456.0 ], [ 76.0, 455.0 ], [ 73.0, 455.0 ] ] ] } },
{ "type": "Feature", "properties": { }, "geometry": { "type": "Polygon", "coordinates": [ [ [ 165.0, 455.0 ], [ 165.0, 456.0 ], [ 166.0, 456.0 ], [ 166.0, 455.0 ], [ 165.0, 455.0 ] ] ] } },
{ "type": "Feature", "properties": { }, "geometry": { "type": "Polygon", "coordinates": [ [ [ 76.0, 456.0 ], [ 76.0, 457.0 ], [ 79.0, 457.0 ], [ 79.0, 456.0 ], [ 76.0, 456.0 ] ] ] } },
{ "type": "Feature", "properties": { }, "geometry": { "type": "Polygon", "coordinates": [ [ [ 133.0, 456.0 ], [ 133.0, 458.0 ], [ 134.0, 458.0 ], [ 134.0, 456.0 ], [ 133.0, 456.0 ] ] ] } },
{ "type": "Feature", "properties": { }, "geometry": { "type": "Polygon", "coordinates": [ [ [ 79.0, 457.0 ], [ 79.0, 458.0 ], [ 85.0, 458.0 ], [ 85.0, 457.0 ], [ 79.0, 457.0 ] ] ] } },
{ "type": "Feature", "properties": { }, "geometry": { "type": "Polygon", "coordinates": [ [ [ 85.0, 458.0 ], [ 85.0, 459.0 ], [ 92.0, 459.0 ], [ 92.0, 458.0 ], [ 85.0, 458.0 ] ] ] } },
{ "type": "Feature", "properties": { }, "geometry": { "type": "Polygon", "coordinates": [ [ [ 134.0, 458.0 ], [ 134.0, 459.0 ], [ 135.0, 459.0 ], [ 135.0, 458.0 ], [ 134.0, 458.0 ] ] ] } },
{ "type": "Feature", "properties": { }, "geometry": { "type": "Polygon", "coordinates": [ [ [ 92.0, 459.0 ], [ 92.0, 460.0 ], [ 95.0, 460.0 ], [ 95.0, 459.0 ], [ 92.0, 459.0 ] ] ] } },
{ "type": "Feature", "properties": { }, "geometry": { "type": "Polygon", "coordinates": [ [ [ 228.0, 455.0 ], [ 228.0, 461.0 ], [ 229.0, 461.0 ], [ 229.0, 455.0 ], [ 228.0, 455.0 ] ] ] } },
{ "type": "Feature", "properties": { }, "geometry": { "type": "Polygon", "coordinates": [ [ [ 95.0, 460.0 ], [ 95.0, 461.0 ], [ 99.0, 461.0 ], [ 99.0, 460.0 ], [ 95.0, 460.0 ] ] ] } },
{ "type": "Feature", "properties": { }, "geometry": { "type": "Polygon", "coordinates": [ [ [ 99.0, 461.0 ], [ 99.0, 462.0 ], [ 102.0, 462.0 ], [ 102.0, 461.0 ], [ 99.0, 461.0 ] ] ] } },
{ "type": "Feature", "properties": { }, "geometry": { "type": "Polygon", "coordinates": [ [ [ 102.0, 462.0 ], [ 102.0, 463.0 ], [ 105.0, 463.0 ], [ 105.0, 462.0 ], [ 102.0, 462.0 ] ] ] } },
{ "type": "Feature", "properties": { }, "geometry": { "type": "Polygon", "coordinates": [ [ [ 105.0, 463.0 ], [ 105.0, 464.0 ], [ 108.0, 464.0 ], [ 108.0, 463.0 ], [ 105.0, 463.0 ] ] ] } },
{ "type": "Feature", "properties": { }, "geometry": { "type": "Polygon", "coordinates": [ [ [ 108.0, 464.0 ], [ 108.0, 465.0 ], [ 112.0, 465.0 ], [ 112.0, 464.0 ], [ 108.0, 464.0 ] ] ] } },
{ "type": "Feature", "properties": { }, "geometry": { "type": "Polygon", "coordinates": [ [ [ 112.0, 465.0 ], [ 112.0, 466.0 ], [ 117.0, 466.0 ], [ 117.0, 465.0 ], [ 112.0, 465.0 ] ] ] } },
{ "type": "Feature", "properties": { }, "geometry": { "type": "Polygon", "coordinates": [ [ [ 117.0, 466.0 ], [ 117.0, 467.0 ], [ 118.0, 467.0 ], [ 118.0, 466.0 ], [ 117.0, 466.0 ] ] ] } },
{ "type": "Feature", "properties": { }, "geometry": { "type": "Polygon", "coordinates": [ [ [ 118.0, 467.0 ], [ 118.0, 468.0 ], [ 123.0, 468.0 ], [ 123.0, 467.0 ], [ 118.0, 467.0 ] ] ] } },
{ "type": "Feature", "properties": { }, "geometry": { "type": "Polygon", "coordinates": [ [ [ 123.0, 468.0 ], [ 123.0, 469.0 ], [ 130.0, 469.0 ], [ 130.0, 468.0 ], [ 123.0, 468.0 ] ] ] } },
{ "type": "Feature", "properties": { }, "geometry": { "type": "Polygon", "coordinates": [ [ [ 117.0, 468.0 ], [ 117.0, 470.0 ], [ 118.0, 470.0 ], [ 118.0, 468.0 ], [ 117.0, 468.0 ] ] ] } },
{ "type": "Feature", "properties": { }, "geometry": { "type": "Polygon", "coordinates": [ [ [ 135.0, 459.0 ], [ 135.0, 469.0 ], [ 130.0, 469.0 ], [ 130.0, 470.0 ], [ 136.0, 470.0 ], [ 136.0, 459.0 ], [ 135.0, 459.0 ] ] ] } },
{ "type": "Feature", "properties": { }, "geometry": { "type": "Polygon", "coordinates": [ [ [ 227.0, 461.0 ], [ 227.0, 471.0 ], [ 228.0, 471.0 ], [ 228.0, 461.0 ], [ 227.0, 461.0 ] ] ] } },
{ "type": "Feature", "properties": { }, "geometry": { "type": "Polygon", "coordinates": [ [ [ 136.0, 470.0 ], [ 136.0, 471.0 ], [ 139.0, 471.0 ], [ 139.0, 470.0 ], [ 136.0, 470.0 ] ] ] } },
{ "type": "Feature", "properties": { }, "geometry": { "type": "Polygon", "coordinates": [ [ [ 139.0, 471.0 ], [ 139.0, 472.0 ], [ 143.0, 472.0 ], [ 143.0, 471.0 ], [ 139.0, 471.0 ] ] ] } },
{ "type": "Feature", "properties": { }, "geometry": { "type": "Polygon", "coordinates": [ [ [ 143.0, 472.0 ], [ 143.0, 473.0 ], [ 146.0, 473.0 ], [ 146.0, 472.0 ], [ 143.0, 472.0 ] ] ] } },
{ "type": "Feature", "properties": { }, "geometry": { "type": "Polygon", "coordinates": [ [ [ 146.0, 473.0 ], [ 146.0, 474.0 ], [ 151.0, 474.0 ], [ 151.0, 473.0 ], [ 146.0, 473.0 ] ] ] } },
{ "type": "Feature", "properties": { }, "geometry": { "type": "Polygon", "coordinates": [ [ [ 151.0, 474.0 ], [ 151.0, 475.0 ], [ 156.0, 475.0 ], [ 156.0, 474.0 ], [ 151.0, 474.0 ] ] ] } },
{ "type": "Feature", "properties": { }, "geometry": { "type": "Polygon", "coordinates": [ [ [ 156.0, 475.0 ], [ 156.0, 476.0 ], [ 159.0, 476.0 ], [ 159.0, 475.0 ], [ 156.0, 475.0 ] ] ] } },
{ "type": "Feature", "properties": { }, "geometry": { "type": "Polygon", "coordinates": [ [ [ 116.0, 470.0 ], [ 116.0, 477.0 ], [ 117.0, 477.0 ], [ 117.0, 470.0 ], [ 116.0, 470.0 ] ] ] } },
{ "type": "Feature", "properties": { }, "geometry": { "type": "Polygon", "coordinates": [ [ [ 226.0, 471.0 ], [ 226.0, 477.0 ], [ 227.0, 477.0 ], [ 227.0, 471.0 ], [ 226.0, 471.0 ] ] ] } },
{ "type": "Feature", "properties": { }, "geometry": { "type": "Polygon", "coordinates": [ [ [ 159.0, 476.0 ], [ 159.0, 477.0 ], [ 161.0, 477.0 ], [ 161.0, 476.0 ], [ 159.0, 476.0 ] ] ] } },
{ "type": "Feature", "properties": { }, "geometry": { "type": "Polygon", "coordinates": [ [ [ 161.0, 477.0 ], [ 161.0, 478.0 ], [ 163.0, 478.0 ], [ 163.0, 477.0 ], [ 161.0, 477.0 ] ] ] } },
{ "type": "Feature", "properties": { }, "geometry": { "type": "Polygon", "coordinates": [ [ [ 163.0, 478.0 ], [ 163.0, 479.0 ], [ 165.0, 479.0 ], [ 165.0, 478.0 ], [ 163.0, 478.0 ] ] ] } },
{ "type": "Feature", "properties": { }, "geometry": { "type": "Polygon", "coordinates": [ [ [ 165.0, 479.0 ], [ 165.0, 480.0 ], [ 166.0, 480.0 ], [ 166.0, 479.0 ], [ 165.0, 479.0 ] ] ] } },
{ "type": "Feature", "properties": { }, "geometry": { "type": "Polygon", "coordinates": [ [ [ 166.0, 480.0 ], [ 166.0, 481.0 ], [ 167.0, 481.0 ], [ 167.0, 480.0 ], [ 166.0, 480.0 ] ] ] } },
{ "type": "Feature", "properties": { }, "geometry": { "type": "Polygon", "coordinates": [ [ [ 167.0, 481.0 ], [ 167.0, 482.0 ], [ 190.0, 482.0 ], [ 190.0, 481.0 ], [ 167.0, 481.0 ] ] ] } },
{ "type": "Feature", "properties": { }, "geometry": { "type": "Polygon", "coordinates": [ [ [ 115.0, 477.0 ], [ 115.0, 483.0 ], [ 116.0, 483.0 ], [ 116.0, 477.0 ], [ 115.0, 477.0 ] ] ] } },
{ "type": "Feature", "properties": { }, "geometry": { "type": "Polygon", "coordinates": [ [ [ 190.0, 482.0 ], [ 190.0, 483.0 ], [ 208.0, 483.0 ], [ 208.0, 482.0 ], [ 190.0, 482.0 ] ] ] } },
{ "type": "Feature", "properties": { }, "geometry": { "type": "Polygon", "coordinates": [ [ [ 441.0, 437.0 ], [ 441.0, 484.0 ], [ 442.0, 484.0 ], [ 442.0, 437.0 ], [ 441.0, 437.0 ] ] ] } },
{ "type": "Feature", "properties": { }, "geometry": { "type": "Polygon", "coordinates": [ [ [ 208.0, 483.0 ], [ 208.0, 484.0 ], [ 220.0, 484.0 ], [ 220.0, 483.0 ], [ 208.0, 483.0 ] ] ] } },
{ "type": "Feature", "properties": { }, "geometry": { "type": "Polygon", "coordinates": [ [ [ 225.0, 477.0 ], [ 225.0, 484.0 ], [ 220.0, 484.0 ], [ 220.0, 485.0 ], [ 226.0, 485.0 ], [ 226.0, 477.0 ], [ 225.0, 477.0 ] ] ] } },
{ "type": "Feature", "properties": { }, "geometry": { "type": "Polygon", "coordinates": [ [ [ 166.0, 482.0 ], [ 166.0, 486.0 ], [ 167.0, 486.0 ], [ 167.0, 482.0 ], [ 166.0, 482.0 ] ] ] } },
{ "type": "Feature", "properties": { }, "geometry": { "type": "Polygon", "coordinates": [ [ [ 114.0, 483.0 ], [ 114.0, 486.0 ], [ 115.0, 486.0 ], [ 115.0, 483.0 ], [ 114.0, 483.0 ] ] ] } },
{ "type": "Feature", "properties": { }, "geometry": { "type": "Polygon", "coordinates": [ [ [ 226.0, 485.0 ], [ 226.0, 486.0 ], [ 233.0, 486.0 ], [ 233.0, 485.0 ], [ 226.0, 485.0 ] ] ] } },
{ "type": "Feature", "properties": { }, "geometry": { "type": "Polygon", "coordinates": [ [ [ 233.0, 486.0 ], [ 233.0, 487.0 ], [ 245.0, 487.0 ], [ 245.0, 486.0 ], [ 233.0, 486.0 ] ] ] } },
{ "type": "Feature", "properties": { }, "geometry": { "type": "Polygon", "coordinates": [ [ [ 245.0, 487.0 ], [ 245.0, 488.0 ], [ 256.0, 488.0 ], [ 256.0, 487.0 ], [ 245.0, 487.0 ] ] ] } },
{ "type": "Feature", "properties": { }, "geometry": { "type": "Polygon", "coordinates": [ [ [ 269.0, 487.0 ], [ 269.0, 488.0 ], [ 271.0, 488.0 ], [ 271.0, 487.0 ], [ 269.0, 487.0 ] ] ] } },
{ "type": "Feature", "properties": { }, "geometry": { "type": "Polygon", "coordinates": [ [ [ 113.0, 486.0 ], [ 113.0, 489.0 ], [ 114.0, 489.0 ], [ 114.0, 486.0 ], [ 113.0, 486.0 ] ] ] } },
{ "type": "Feature", "properties": { }, "geometry": { "type": "Polygon", "coordinates": [ [ [ 256.0, 488.0 ], [ 256.0, 489.0 ], [ 269.0, 489.0 ], [ 269.0, 488.0 ], [ 256.0, 488.0 ] ] ] } },
{ "type": "Feature", "properties": { }, "geometry": { "type": "Polygon", "coordinates": [ [ [ 271.0, 488.0 ], [ 271.0, 489.0 ], [ 328.0, 489.0 ], [ 328.0, 488.0 ], [ 271.0, 488.0 ] ] ] } },
{ "type": "Feature", "properties": { }, "geometry": { "type": "Polygon", "coordinates": [ [ [ 340.0, 488.0 ], [ 340.0, 489.0 ], [ 355.0, 489.0 ], [ 355.0, 488.0 ], [ 340.0, 488.0 ] ] ] } },
{ "type": "Feature", "properties": { }, "geometry": { "type": "Polygon", "coordinates": [ [ [ 328.0, 489.0 ], [ 328.0, 490.0 ], [ 340.0, 490.0 ], [ 340.0, 489.0 ], [ 328.0, 489.0 ] ] ] } },
{ "type": "Feature", "properties": { }, "geometry": { "type": "Polygon", "coordinates": [ [ [ 355.0, 489.0 ], [ 355.0, 490.0 ], [ 363.0, 490.0 ], [ 363.0, 489.0 ], [ 355.0, 489.0 ] ] ] } },
{ "type": "Feature", "properties": { }, "geometry": { "type": "Polygon", "coordinates": [ [ [ 363.0, 490.0 ], [ 363.0, 491.0 ], [ 381.0, 491.0 ], [ 381.0, 490.0 ], [ 363.0, 490.0 ] ] ] } },
{ "type": "Feature", "properties": { }, "geometry": { "type": "Polygon", "coordinates": [ [ [ 381.0, 491.0 ], [ 381.0, 492.0 ], [ 400.0, 492.0 ], [ 400.0, 491.0 ], [ 381.0, 491.0 ] ] ] } },
{ "type": "Feature", "properties": { }, "geometry": { "type": "Polygon", "coordinates": [ [ [ 112.0, 489.0 ], [ 112.0, 493.0 ], [ 113.0, 493.0 ], [ 113.0, 489.0 ], [ 112.0, 489.0 ] ] ] } },
{ "type": "Feature", "properties": { }, "geometry": { "type": "Polygon", "coordinates": [ [ [ 400.0, 492.0 ], [ 400.0, 493.0 ], [ 407.0, 493.0 ], [ 407.0, 492.0 ], [ 400.0, 492.0 ] ] ] } },
{ "type": "Feature", "properties": { }, "geometry": { "type": "Polygon", "coordinates": [ [ [ 443.0, 495.0 ], [ 443.0, 496.0 ], [ 447.0, 496.0 ], [ 447.0, 495.0 ], [ 443.0, 495.0 ] ] ] } },
{ "type": "Feature", "properties": { }, "geometry": { "type": "Polygon", "coordinates": [ [ [ 447.0, 496.0 ], [ 447.0, 497.0 ], [ 464.0, 497.0 ], [ 464.0, 496.0 ], [ 447.0, 496.0 ] ] ] } },
{ "type": "Feature", "properties": { }, "geometry": { "type": "Polygon", "coordinates": [ [ [ 464.0, 497.0 ], [ 464.0, 498.0 ], [ 473.0, 498.0 ], [ 473.0, 497.0 ], [ 464.0, 497.0 ] ] ] } },
{ "type": "Feature", "properties": { }, "geometry": { "type": "Polygon", "coordinates": [ [ [ 440.0, 484.0 ], [ 440.0, 499.0 ], [ 441.0, 499.0 ], [ 441.0, 497.0 ], [ 443.0, 497.0 ], [ 443.0, 496.0 ], [ 441.0, 496.0 ], [ 441.0, 484.0 ], [ 440.0, 484.0 ] ] ] } },
{ "type": "Feature", "properties": { }, "geometry": { "type": "Polygon", "coordinates": [ [ [ 111.0, 493.0 ], [ 111.0, 499.0 ], [ 112.0, 499.0 ], [ 112.0, 493.0 ], [ 111.0, 493.0 ] ] ] } },
{ "type": "Feature", "properties": { }, "geometry": { "type": "Polygon", "coordinates": [ [ [ 473.0, 498.0 ], [ 473.0, 499.0 ], [ 483.0, 499.0 ], [ 483.0, 498.0 ], [ 473.0, 498.0 ] ] ] } },
{ "type": "Feature", "properties": { }, "geometry": { "type": "Polygon", "coordinates": [ [ [ 511.0, 498.0 ], [ 511.0, 499.0 ], [ 512.0, 499.0 ], [ 512.0, 498.0 ], [ 511.0, 498.0 ] ] ] } },
{ "type": "Feature", "properties": { }, "geometry": { "type": "Polygon", "coordinates": [ [ [ 483.0, 499.0 ], [ 483.0, 500.0 ], [ 489.0, 500.0 ], [ 489.0, 499.0 ], [ 483.0, 499.0 ] ] ] } },
{ "type": "Feature", "properties": { }, "geometry": { "type": "Polygon", "coordinates": [ [ [ 510.0, 499.0 ], [ 510.0, 500.0 ], [ 511.0, 500.0 ], [ 511.0, 499.0 ], [ 510.0, 499.0 ] ] ] } },
{ "type": "Feature", "properties": { }, "geometry": { "type": "Polygon", "coordinates": [ [ [ 439.0, 499.0 ], [ 439.0, 501.0 ], [ 440.0, 501.0 ], [ 440.0, 499.0 ], [ 439.0, 499.0 ] ] ] } },
{ "type": "Feature", "properties": { }, "geometry": { "type": "Polygon", "coordinates": [ [ [ 489.0, 500.0 ], [ 489.0, 501.0 ], [ 496.0, 501.0 ], [ 496.0, 500.0 ], [ 489.0, 500.0 ] ] ] } },
{ "type": "Feature", "properties": { }, "geometry": { "type": "Polygon", "coordinates": [ [ [ 509.0, 500.0 ], [ 509.0, 501.0 ], [ 510.0, 501.0 ], [ 510.0, 500.0 ], [ 509.0, 500.0 ] ] ] } },
{ "type": "Feature", "properties": { }, "geometry": { "type": "Polygon", "coordinates": [ [ [ 110.0, 499.0 ], [ 110.0, 501.0 ], [ 92.0, 501.0 ], [ 92.0, 502.0 ], [ 112.0, 502.0 ], [ 112.0, 501.0 ], [ 111.0, 501.0 ], [ 111.0, 499.0 ], [ 110.0, 499.0 ] ] ] } },
{ "type": "Feature", "properties": { }, "geometry": { "type": "Polygon", "coordinates": [ [ [ 496.0, 501.0 ], [ 496.0, 502.0 ], [ 505.0, 502.0 ], [ 505.0, 501.0 ], [ 496.0, 501.0 ] ] ] } },
{ "type": "Feature", "properties": { }, "geometry": { "type": "Polygon", "coordinates": [ [ [ 508.0, 501.0 ], [ 508.0, 502.0 ], [ 509.0, 502.0 ], [ 509.0, 501.0 ], [ 508.0, 501.0 ] ] ] } },
{ "type": "Feature", "properties": { }, "geometry": { "type": "Polygon", "coordinates": [ [ [ 112.0, 502.0 ], [ 112.0, 503.0 ], [ 113.0, 503.0 ], [ 113.0, 502.0 ], [ 112.0, 502.0 ] ] ] } },
{ "type": "Feature", "properties": { }, "geometry": { "type": "Polygon", "coordinates": [ [ [ 505.0, 502.0 ], [ 505.0, 503.0 ], [ 508.0, 503.0 ], [ 508.0, 502.0 ], [ 505.0, 502.0 ] ] ] } },
{ "type": "Feature", "properties": { }, "geometry": { "type": "Polygon", "coordinates": [ [ [ 165.0, 486.0 ], [ 165.0, 504.0 ], [ 166.0, 504.0 ], [ 166.0, 486.0 ], [ 165.0, 486.0 ] ] ] } },
{ "type": "Feature", "properties": { }, "geometry": { "type": "Polygon", "coordinates": [ [ [ 113.0, 503.0 ], [ 113.0, 504.0 ], [ 115.0, 504.0 ], [ 115.0, 503.0 ], [ 113.0, 503.0 ] ] ] } },
{ "type": "Feature", "properties": { }, "geometry": { "type": "Polygon", "coordinates": [ [ [ 438.0, 501.0 ], [ 438.0, 505.0 ], [ 439.0, 505.0 ], [ 439.0, 501.0 ], [ 438.0, 501.0 ] ] ] } },
{ "type": "Feature", "properties": { }, "geometry": { "type": "Polygon", "coordinates": [ [ [ 115.0, 504.0 ], [ 115.0, 505.0 ], [ 118.0, 505.0 ], [ 118.0, 504.0 ], [ 115.0, 504.0 ] ] ] } },
{ "type": "Feature", "properties": { }, "geometry": { "type": "Polygon", "coordinates": [ [ [ 427.0, 445.0 ], [ 427.0, 493.0 ], [ 407.0, 493.0 ], [ 407.0, 494.0 ], [ 427.0, 494.0 ], [ 427.0, 506.0 ], [ 428.0, 506.0 ], [ 428.0, 445.0 ], [ 427.0, 445.0 ] ] ] } },
{ "type": "Feature", "properties": { }, "geometry": { "type": "Polygon", "coordinates": [ [ [ 118.0, 505.0 ], [ 118.0, 506.0 ], [ 119.0, 506.0 ], [ 119.0, 505.0 ], [ 118.0, 505.0 ] ] ] } },
{ "type": "Feature", "properties": { }, "geometry": { "type": "Polygon", "coordinates": [ [ [ 437.0, 505.0 ], [ 437.0, 507.0 ], [ 438.0, 507.0 ], [ 438.0, 505.0 ], [ 437.0, 505.0 ] ] ] } },
{ "type": "Feature", "properties": { }, "geometry": { "type": "Polygon", "coordinates": [ [ [ 119.0, 506.0 ], [ 119.0, 507.0 ], [ 124.0, 507.0 ], [ 124.0, 506.0 ], [ 119.0, 506.0 ] ] ] } },
{ "type": "Feature", "properties": { }, "geometry": { "type": "Polygon", "coordinates": [ [ [ 124.0, 507.0 ], [ 124.0, 508.0 ], [ 127.0, 508.0 ], [ 127.0, 507.0 ], [ 124.0, 507.0 ] ] ] } },
{ "type": "Feature", "properties": { }, "geometry": { "type": "Polygon", "coordinates": [ [ [ 435.0, 507.0 ], [ 435.0, 508.0 ], [ 437.0, 508.0 ], [ 437.0, 507.0 ], [ 435.0, 507.0 ] ] ] } },
{ "type": "Feature", "properties": { }, "geometry": { "type": "Polygon", "coordinates": [ [ [ 127.0, 508.0 ], [ 127.0, 509.0 ], [ 130.0, 509.0 ], [ 130.0, 508.0 ], [ 127.0, 508.0 ] ] ] } },
{ "type": "Feature", "properties": { }, "geometry": { "type": "Polygon", "coordinates": [ [ [ 428.0, 506.0 ], [ 428.0, 508.0 ], [ 427.0, 508.0 ], [ 427.0, 509.0 ], [ 435.0, 509.0 ], [ 435.0, 508.0 ], [ 429.0, 508.0 ], [ 429.0, 506.0 ], [ 428.0, 506.0 ] ] ] } },
{ "type": "Feature", "properties": { }, "geometry": { "type": "Polygon", "coordinates": [ [ [ 426.0, 509.0 ], [ 426.0, 510.0 ], [ 427.0, 510.0 ], [ 427.0, 509.0 ], [ 426.0, 509.0 ] ] ] } },
{ "type": "Feature", "properties": { }, "geometry": { "type": "Polygon", "coordinates": [ [ [ 423.0, 510.0 ], [ 423.0, 511.0 ], [ 426.0, 511.0 ], [ 426.0, 510.0 ], [ 423.0, 510.0 ] ] ] } },
{ "type": "Feature", "properties": { }, "geometry": { "type": "Polygon", "coordinates": [ [ [ 422.0, 511.0 ], [ 422.0, 512.0 ], [ 423.0, 512.0 ], [ 423.0, 511.0 ], [ 422.0, 511.0 ] ] ] } }
]
}
